deck_num,pretty_url,deck_name,cover_card,userid,format,main_deck,extra_deck,side_deck,ts_submit_date,submit_date,ts_edit_date,edit_date,comments,deck_excerpt,deck_description
730000,onomat-utopia-lockdown-730000,Onomat Utopia Lockdown,15939229,110113,Master Duel Decks,"[""94145021"",""94145021"",""23434538"",""14558127"",""14558127"",""14558127"",""62006866"",""8512558"",""23720856"",""59724555"",""4647954"",""69852487"",""9491461"",""9491461"",""35886170"",""35886170"",""35886170"",""55088578"",""55088578"",""62880279"",""62880279"",""62880279"",""27204311"",""32807846"",""6595475"",""6595475"",""6595475"",""62623659"",""67517351"",""85119159"",""85119159"",""85119159"",""3298689"",""24224830"",""24299458"",""24299458"",""24299458"",""10045474"",""10045474"",""96004535""]","[""65305468"",""26973555"",""41522092"",""84013237"",""86532744"",""66011101"",""32530043"",""85692042"",""86331741"",""31123642"",""88917691"",""80117527"",""15939229"",""63767246"",""95134948""]",,1788180348,5 hours ago,,,0,master duel,"<p><span style=""color: #0f0f0f; font-family: Roboto, Arial, sans-serif; font-size: 16px; white-space: pre-wrap; background-color: #ffffff;"">In this Yu-Gi-Oh! Master Duel guide, we analyze the best combo paths to bait out enemy handtraps and pivot smoothly into a complete field lockdown. No matter how many handtraps your opponent throws, you'll learn how to extend your plays, secure your boss monsters, and prevent them from playing the game on their turn.</span></p>"
730001,proserpine-730001,Proserpine,65741786,321988,Non-Meta Decks,"[""48017189"",""81587028"",""20228463"",""46613515"",""81109178"",""61318483"",""84472026"",""67629977"",""14462257"",""38491199"",""16404809"",""40640057"",""78355370"",""47432275"",""35112613"",""40817915"",""48686504"",""85239662"",""69181753"",""2830693"",""50185950"",""61441708"",""46565218"",""91133740"",""33245030"",""58132856"",""27769400"",""42874792"",""57116033"",""98585345"",""33776734"",""42338879"",""62015408"",""24096499"",""82257940"",""64697431"",""2295440"",""80831721"",""15471265"",""89086566"",""40703222"",""20065322"",""25573054"",""97173708"",""83675475""]","[""65741786"",""29301450"",""4993187"",""90590303"",""31437713"",""41999284""]",,1788180348,5 hours ago,,,0,P,<p>EM:P I:P S:P W:P</p>
730002,blitzclique-730002,Blitzclique,90846359,114938,Tournament Meta Decks,"[""85523502"",""85523502"",""85523502"",""22912101"",""22912101"",""22912101"",""58916810"",""58916810"",""58916810"",""11895663"",""84401954"",""84401954"",""84401954"",""18738846"",""60303688"",""94145021"",""94145021"",""14558127"",""14558127"",""14558127"",""70088809"",""70088809"",""70088809"",""37654623"",""37654623"",""37654623"",""64049762"",""64049762"",""64049762"",""433377"",""49238328"",""49238328"",""49238328"",""35726888"",""24224830"",""30271097"",""30271097"",""59921227"",""59921227"",""23526128""]","[""93039339"",""76666602"",""87746184"",""87746184"",""87746184"",""78397661"",""53971455"",""60465049"",""40139997"",""96633955"",""72444406"",""98506199"",""50793215"",""93125329"",""93125329""]","[""48770333"",""71564252"",""33854624"",""24508238"",""42141493"",""42141493"",""42141493"",""84192580"",""84192580"",""84192580"",""98476659"",""98476659"",""98476659"",""53334471"",""90846359""]",1788111948,1 day ago,,,0,Blitzclique  / Leuven WCQ Regional 2nd Place,<p>Category: Tournament Meta Decks (TCG)</p><p>Tournament Meta Decks are current-level Meta Decks that are capable of going up against the best of the best. These are curated lists that cannot be uploaded by regular users.</p><p>Creator: Denis Galla Peeters</p><p>Tournament: Leuven WCQ Regional &ndash; August 30th 2026</p><p>Placement: 2nd Place</p>
730005,barrelgambler-730005,BarrelGambler,81480461,324324,Non-Meta Decks,"[""81480461"",""76728962"",""25551951"",""70050374"",""70050374"",""23850421"",""23850421"",""40634253"",""40634253"",""26302522"",""26302522"",""71625222"",""71625222"",""99050989"",""99050989"",""68450517"",""27827903"",""94622638"",""72845813"",""76650663"",""39978267"",""3657444"",""23265594"",""26259179"",""3113667"",""73628505"",""3659803"",""74335036"",""36562627"",""36562627"",""84797028"",""25518020"",""35220244"",""37812118"",""21598948"",""49511705"",""49511705"",""98427577"",""68540059"",""80987696""]","[""87751584"",""26273196""]","[""78783370"",""46303688"",""19162134"",""50470982"",""70406920"",""3113667"",""86198326"",""98864751"",""63851864"",""34559295"",""38143903""]",1788180348,5 hours ago,,,0,Ramblin' & Gamblin',<p>Call it...</p>
730006,ladd-sacred-beast-fortress-730006,LADD Sacred Beast Fortress,47297616,232840,Non-Meta Decks,"[""50251045"",""50251045"",""50251045"",""96345184"",""96345184"",""47297616"",""47297616"",""47297616"",""22734799"",""14105623"",""26577155"",""26577155"",""26577155"",""64591429"",""64591429"",""64591429"",""59138498"",""59138498"",""59138498"",""33750025"",""33750025"",""23851033"",""1259915"",""1259915"",""1259915"",""62265044"",""65861210"",""65861210"",""7044562"",""7044562"",""96729612"",""38776201"",""38776201"",""38776201"",""89558743"",""89558743"",""73628505"",""24224830"",""46052429"",""46052429""]","[""7894706"",""7894706"",""95463814"",""62541668"",""26556950"",""66523544"",""101303084"",""70636044"",""90162951"",""90162951"",""98127546"",""29301450"",""94259633"",""8264361"",""41999284""]",,1788180348,5 hours ago,1788187548,3 hours ago,0,LADD-perma-lock,<p>LADD Sacred Beast Fortress</p>
730007,elfnotes-730007,Elfnotes,14558127,324842,Meta Decks,"[""14558127"",""14558127"",""14558127"",""33854624"",""60303688"",""94145021"",""94145021"",""85976588"",""13597785"",""13597785"",""13597785"",""12375297"",""12375297"",""56651978"",""56651978"",""56651978"",""59581480"",""59581480"",""59581480"",""70088809"",""70088809"",""70088809"",""73642296"",""73642296"",""73642296"",""97556336"",""97556336"",""42141493"",""42141493"",""42141493"",""10266279"",""70488851"",""70488851"",""64491754"",""25661743"",""25661743"",""25661743"",""30271097"",""30271097"",""24092792""]","[""87746184"",""31924889"",""22850702"",""40139997"",""50954680"",""53971455"",""78397661"",""5559570"",""42302563"",""33158448"",""93125329"",""5914858"",""94641726"",""90953320"",""29301450""]","[""59438930"",""59438930"",""84192580"",""84192580"",""84192580"",""24224830"",""18144507"",""14532163"",""98476659"",""98476659"",""98476659"",""25311006"",""78114463"",""78114463"",""41420027""]",1788180348,5 hours ago,,,0,https://www.duelingbook.com/deck?id=20487130,<p>WCQ Regionals Florian&oacute;polis</p>
730008,blue-eyes-magia-730008,Blue eyes magia,89631139,324693,Meta Decks,"[""89631139"",""89631139"",""30576089"",""64202399"",""54332792"",""14558127"",""14558127"",""14558127"",""23434538"",""45644898"",""8240199"",""8240199"",""8240199"",""94145021"",""94145021"",""97268402"",""97268402"",""97268402"",""17947697"",""17947697"",""17947697"",""55410871"",""24382602"",""93437091"",""93437091"",""33907039"",""33907039"",""17725109"",""17725109"",""88901994"",""80326401"",""80326401"",""80326401"",""24224830"",""71143015"",""62089826"",""10045474"",""10045474"",""10045474"",""43219114""]","[""12381100"",""23995346"",""11443677"",""26268488"",""89604813"",""63436931"",""10515412"",""59822133"",""59822133"",""59822133"",""16699558"",""29301450"",""42097666"",""42097666"",""24361622""]",,1788180348,5 hours ago,,,0,Typical blue eyes magia deck profile with a couple tweaks for optimisation.,<p>Blue eyes deck optimised for summoning magia. No primite cards as one card combos to summon magia require the second normal summon (via mausoleum) to be used on master.</p>
730010,malefic-post-mamo-730010,Malefic Post MAMO,68721020,20789,Fun/Casual Decks,"[""16958382"",""16958382"",""16958382"",""1710476"",""1710476"",""598988"",""9433350"",""36521459"",""36521459"",""36521459"",""42141493"",""42141493"",""14558127"",""14558127"",""74509280"",""74509280"",""48829461"",""48829461"",""48829461"",""18378992"",""18378992"",""50357013"",""50357013"",""88901994"",""89693655"",""89693655"",""89693655"",""24224830"",""75223115"",""75223115"",""75223115"",""27564031"",""27564031"",""27564031"",""5125629"",""5125629"",""5125629"",""10045474"",""10045474"",""68721020""]","[""1546123"",""1546123"",""21123811"",""79415624"",""63436931"",""8310162"",""8310162"",""8310162"",""27572350"",""22850702"",""21281085"",""96633955"",""44508094"",""44508094"",""70636044""]",,1788183948,4 hours ago,,,0,Big Attack goes brrr...,<p>https://youtu.be/pTkx6T8X2dY?si=fBOQB3aFpS0_egwr</p>
730011,flip-karkinos-730011,flip karkinos,18605135,324001,Non-Meta Decks,"[""18605135"",""40659562"",""88989706"",""39711336"",""73628505"",""22702055"",""37576645"",""37576645"",""4178474"",""3055837"",""2926176"",""2926176"",""14087893"",""38699854"",""47233801"",""5257687"",""5257687"",""14261867"",""23927567"",""24140059"",""24140059"",""86801871"",""86801871"",""2326738"",""2326738"",""15383415"",""15383415"",""17214465"",""37101832"",""24317029"",""42994702"",""16509093"",""53129443"",""66788016"",""55144522"",""55144522"",""55144522"",""70368879"",""77414722"",""51482758""]","[""85684223""]","[""5990062"",""11868825"",""11868825"",""51482758"",""56830749"",""73628505"",""38699854"",""24317029"",""35346968""]",1788183948,4 hours ago,,,0,leo,<p>flip kai kala</p>
730012,blue-eyes-primite-730012,Blue eyes Primite,89631139,324693,Meta Decks,"[""89631139"",""89631139"",""30576089"",""54332792"",""63198739"",""63198739"",""63198739"",""14558127"",""14558127"",""14558127"",""23434538"",""45644898"",""8240199"",""8240199"",""8240199"",""97268402"",""97268402"",""17947697"",""17947697"",""17947697"",""56506740"",""56506740"",""56506740"",""24382602"",""93437091"",""93437091"",""17725109"",""88901994"",""25311006"",""80326401"",""80326401"",""80326401"",""24224830"",""29095457"",""71143015"",""62089826"",""10045474"",""10045474"",""10045474"",""43219114""]","[""56532353"",""11443677"",""26268488"",""89604813"",""63436931"",""10515412"",""40908371"",""59822133"",""59822133"",""59822133"",""16699558"",""24361622"",""29301450"",""42097666"",""42097666""]",,1788183948,4 hours ago,,,0,Common modern mix of primite and blue eyes.,<p>Blue eyes combos with multiple extenders and one card starters + primite core engine. Hand traps accustomed to the cards I own.</p>
730013,generaider-730013,Generaider,74615388,307139,Fun/Casual Decks,"[""44656450"",""91749600"",""91749600"",""91749600"",""94183877"",""94183877"",""94183877"",""49275969"",""68199168"",""68199168"",""13903402"",""744887"",""75660578"",""84673574"",""84673574"",""84673574"",""48686504"",""48686504"",""14558127"",""14558127"",""14558127"",""94145021"",""94145021"",""42141493"",""42141493"",""84192580"",""59438930"",""59438930"",""1980574"",""1980574"",""98829635"",""38053381"",""38053381"",""38053381"",""98829635"",""78543464"",""78543464"",""23153227"",""23153227"",""23153227"",""7477101"",""7477101"",""14604710"",""14604710"",""14604710"",""30271097"",""30271097"",""30271097"",""24224830"",""25311006"",""35261759"",""35261759"",""35261759"",""24299458"",""24299458""]","[""74615388"",""74615388"",""2665273"",""2665273"",""22850702"",""63410069"",""60465049"",""78397661"",""90303227"",""95113856"",""9349094"",""93039339"",""49678559"",""68396121"",""87746184""]","[""10000080"",""10000080"",""10000080"",""58851034"",""58851034"",""58851034"",""41420027"",""4227096"",""35269904"",""35269904"",""35269904"",""33017964"",""18144507"",""15693423"",""48770333""]",1788183948,4 hours ago,,,0,ygoprodeck.com,"<p>Still testing the Deck, as I play with it I will update</p>"
730015,kashtira-regenesis-by-1lpelato-730015,Kashtira Regenesis by 1lpelato,68304193,324854,Non-Meta Decks,"[""68304193"",""68304193"",""68304193"",""32909498"",""32909498"",""32909498"",""94392192"",""31149212"",""69540484"",""34447918"",""21639276"",""71832012"",""71832012"",""71832012"",""73628505"",""24224830"",""65681983"",""84211599"",""49238328"",""95718355"",""95718355"",""95718355"",""96540807"",""59323650"",""22938501"",""31786838"",""31786838"",""31786838"",""67171933"",""22812963"",""42141493"",""42141493"",""42141493"",""94145021"",""94145021"",""14558127"",""14558127"",""91800273"",""102380"",""102380""]","[""73542331"",""73542331"",""73542331"",""44405066"",""78144171"",""93854893"",""64182380"",""73082255"",""93039339"",""29301450"",""54757758"",""11765832"",""69946549"",""87746184"",""78397661""]","[""27781371"",""47082621"",""48130397"",""48130397"",""48130397"",""84192580"",""84192580"",""84192580"",""30271097"",""30271097"",""78114463"",""78114463"",""73642296"",""73642296"",""15693423""]",1788187548,3 hours ago,,,0,kashtira regenesis,"<p>Check out my YouTube channel, 1lpelato ;)</p>"
730016,battlin-boxer-730016,Battlin' Boxer,46804536,324693,Meta Decks,"[""9822220"",""5361647"",""35537251"",""83315222"",""83315222"",""83315222"",""11522479"",""11522479"",""11522479"",""21351206"",""21351206"",""68144350"",""68144350"",""68144350"",""94730900"",""89809665"",""89809665"",""32750341"",""32750341"",""32750341"",""79867938"",""58346901"",""58346901"",""47921178"",""47921178"",""14558127"",""14558127"",""14558127"",""59438930"",""59438930"",""56824871"",""95953557"",""53404966"",""97268402"",""97268402"",""97268402"",""37478723"",""37478723"",""36916401"",""36916401"",""81439173"",""57734012"",""47660516"",""32807846"",""23153227"",""23153227"",""23153227"",""7477101"",""7477101"",""7477101"",""24224830"",""24224830"",""24224830"",""59388357"",""83293635"",""19688343"",""60718396"",""10045474"",""10045474"",""10045474""]","[""90448279"",""93039339"",""85121942"",""10300821"",""59627393"",""55285840"",""46804536"",""46804536"",""32530043"",""71921856"",""23232295"",""90590303"",""98642179"",""29301450"",""65741786""]",,1788187548,3 hours ago,,,0,Battlin' Boxer,<p>Battlin' Boxer deck with lots of different cards from different archetypes for optimal extenders and pushers. Hand traps can obviously be changed. Side deck is for personal opinion and budget.</p>
730017,azamina-branded-mitsurugi-light-and-darkness-ritual-730017,Azamina Branded Mitsurugi Light and Darkness Ritual,24915933,154098,Tournament Meta Decks,"[""70405001"",""44001993"",""98684220"",""98684220"",""98684220"",""97462632"",""97462632"",""97462632"",""24088928"",""97631303"",""72270339"",""72270339"",""73819701"",""73819701"",""68468459"",""95515789"",""55273560"",""82782870"",""40543231"",""40543231"",""18176525"",""55397172"",""19899073"",""13332685"",""102380"",""102380"",""42141493"",""42141493"",""42141493"",""84192580"",""84192580"",""84192580"",""94145021"",""94145021"",""33599853"",""94845588"",""66328392"",""80845034"",""80845034"",""80845034"",""45171524"",""45171524"",""45171524"",""81560239"",""49721684"",""24461358"",""24461358"",""24461358"",""13048472"",""13048472"",""13048472"",""30271097"",""30271097"",""30271097"",""24299458"",""24299458"",""24299458"",""25311006"",""24224830"",""24749710""]","[""22850702"",""78397661"",""87746184"",""44146295"",""24915933"",""76666602"",""73391962"",""46396218"",""59400890"",""34989413"",""45819647"",""7594154"",""8264361"",""29301450"",""50277355""]","[""10000080"",""102380"",""14558128"",""14558128"",""14558128"",""59438930"",""18144507"",""20934683"",""15693423"",""40366667"",""40366667"",""40366667"",""78114463"",""78114463"",""17954937""]",1788111948,1 day ago,,,0,Azamina Branded Mitsurugi Light and Darkness Ritual  / Leuven WCQ Regional Top 8,<p>Category: Tournament Meta Decks (TCG)</p><p>Tournament Meta Decks are current-level Meta Decks that are capable of going up against the best of the best. These are curated lists that cannot be uploaded by regular users.</p><p>Creator: Sukrit Prasarnkleo</p><p>Tournament: Leuven WCQ Regional &ndash; August 30th 2026</p><p>Placement: Top 8</p>
730018,fiend-berserker-kuriboh-edison-730018,Fiend Berserker Kuriboh Edison,60417395,306490,Edison Format Decks,"[""57116033"",""57116033"",""40640057"",""40640057"",""31305911"",""85306040"",""85306040"",""85306040"",""95178994"",""95178994"",""95178994"",""48343627"",""48343627"",""97021916"",""97021916"",""26202165"",""33420078"",""44330098"",""98777036"",""60417395"",""60417395"",""60417395"",""5318639"",""81439173"",""19613556"",""1475311"",""20065322"",""20065322"",""15471265"",""15471265"",""92854392"",""92854392"",""54704216"",""54704216"",""29401950"",""29401950"",""82732705"",""82732705"",""44095762"",""53582587""]","[""29071332"",""26593852"",""43385557"",""53714009"",""7391448"",""50321796"",""80108118"",""73580471"",""70780151"",""23693634"",""44508094"",""88643579"",""70902743"",""27315304"",""79229522""]","[""70095154"",""70095154"",""24508238"",""24508238"",""24508238"",""52860176"",""52860176"",""52860176"",""51452091"",""51452091"",""53341729"",""53341729"",""36361633"",""36361633"",""87910978""]",1788187548,3 hours ago,,,0,"Shutting down the meta, one furball at a time.","<p data-path-to-node=""0"">Welcome to my Fiend Berserker Kuriboh Edison Format deck! This build focuses on a hybrid ""Control and Bait"" strategy to constantly pressure the opponent while setting up a massive, unexpected OTK.</p><p data-path-to-node=""1"">Core Strategy The main goal is to generate early pressure with aggressive Fiends and -Skill Drain, while setting up our ultimate win condition: the -Kuriboh OTK. By loading -Darkness Neosphere into the GY via -Foolish Burial or using its own summoning condition, we can activate -Berserker Crush to give a tiny -Winged Kuriboh a massive 4000 ATK. When paired with -Staunch Defender, we force the opponent to crash their entire attack position field into our invincible furball.</p><p data-path-to-node=""2"">Key Interactions &amp; Combos The Goblin Bait Engine: -Goblin Elite Attack Force acts as a massive 2200 ATK beatstick. When it attacks and shifts to 1500 defense, it looks like an easy target for the opponent to run over. But when they declare an attack on it, we use it as field fodder (alongside a Fiend in hand like -Kuriboh) to Special Summon -Darkness Neosphere straight from the hand, blocking the attack and dropping a 4000 ATK boss monster on the board. Skill Drain Synergy: With 2x -Skill Drain active, -Goblin Elite Attack Force ignores its negative effect and stays in attack mode as a permanent threat. Meanwhile, the effects of -Giant Germ, -Grave Squirmer, and our Kuribohs all resolve in the Graveyard or hand, completely bypassing our own floodgate while shutting down the opponent's plays.</p><p data-path-to-node=""3"">Main Deck Control Running 2 copies of -Skill Drain in the main deck gives us a massive edge in Game 1. It acts as a continuous floodgate that totally cripples top Edison decks like Blackwings, Machina, and Lightsworn, while we just swing over them with high-ATK beatsticks and our massive boss monster.</p><p data-path-to-node=""4"">The Fiendish Side Deck Tech While our Main Deck focuses on the Kuriboh OTK and Skill Drain beatdown, our Side Deck features incredible Fiend-based utility. We bring in 3x -Possessed Dark Soul as our ultimate tech card. Not only is it a Fiend for our Neosphere discard costs, but it tributes itself to permanently steal the opponent's Level 3 or lower monsters, catching them off-guard and totally shutting down -Dandylion tokens, -Ryko, Lightsworn Hunter, and -Treeborn Frog setups.</p><p data-path-to-node=""5"">Anti-Combo &amp; Anti-Meta Tech The Side Deck is specifically tailored to crush the format's toughest matchups. We run 3x -D.D. Crow for aggressive Graveyard control against Zombies and Vayu Turbo, while -Cyber Dragon allows us to fuse away Machina boards into -Chimeratech Fortress Dragon. Additionally, -Light-Imprisoning Mirror keeps Lightsworn firmly in check, and we can bring in -Royal Decree for Games 2 or 3 to pivot against heavy-trap and Burn decks by swapping out our own -Skill Drain.</p><p data-path-to-node=""6"">Feel free to test it out and let me know your thoughts in the comments!</p>"
730019,invoked-730019,Invoked,81674782,154098,Tournament Meta Decks,"[""86120751"",""86120751"",""86120751"",""57294268"",""57294268"",""57294268"",""84288367"",""84288367"",""84288367"",""10673071"",""91800273"",""42141493"",""42141493"",""42141493"",""84192580"",""84192580"",""84192580"",""14558128"",""14558128"",""14558128"",""73642296"",""94145021"",""94145021"",""74063034"",""74063034"",""37432075"",""37432075"",""63926180"",""63926180"",""63926180"",""47679935"",""47679935"",""47679935"",""48130397"",""48130397"",""48130397"",""65681983"",""25311006"",""24224830"",""73628505""]","[""33166263"",""33166263"",""43989315"",""70383419"",""6772168"",""11270236"",""97300502"",""13529466"",""49513164"",""38423248"",""66532962"",""60303245"",""29301450"",""98462037"",""97973962""]","[""63941210"",""46565218"",""46565218"",""59438930"",""59438930"",""14532163"",""81674782"",""81674782"",""81674782"",""35269904"",""35269904"",""98476659"",""41420027"",""49299410"",""86319972""]",1788111948,1 day ago,,,0,Invoked  / Leuven WCQ Regional Top 8,<p>Category: Tournament Meta Decks (TCG)</p><p>Tournament Meta Decks are current-level Meta Decks that are capable of going up against the best of the best. These are curated lists that cannot be uploaded by regular users.</p><p>Creator: Andrea Fiorucci</p><p>Tournament: Leuven WCQ Regional &ndash; August 30th 2026</p><p>Placement: Top 8</p>
730020,yummy-domain-730020,Yummy Domain,68810435,324277,Domain Format Decks,"[""68810435"",""10966439"",""4215180"",""31425736"",""56870908"",""93360904"",""66975205"",""29369059"",""86762958"",""65853758"",""8315896"",""501000006"",""73304257"",""7852878"",""67757079"",""41098335"",""23297235"",""66765023"",""21362970"",""26270847"",""64207696"",""20210570"",""97396380"",""92998610"",""40133511"",""23076639"",""94878265"",""69380702"",""27750191"",""36318200"",""42081767"",""13478040"",""71583486"",""11548522"",""63644830"",""76981308"",""20129614"",""56401775"",""34800281"",""20003027"",""46955132"",""93018428"",""57523313"",""98416533"",""25687946"",""37256135"",""82134632"",""58036097"",""69112325"",""78082039"",""87430998"",""50675040"",""84962466"",""56535497"",""63136489"",""33676146"",""97922283"",""12580477"",""41420027"",""84749824""]","[""93192592"",""67098897"",""30581601"",""11321089"",""79561872"",""81019803"",""53054164"",""76833149"",""30439101"",""5833929""]","[""31603289""]",1788187548,3 hours ago,,,0,Yummy Domain,<p>Yummy Domain</p>
730021,how-to-recover-your-lost-cryptocurrency-from-online-scam-730021,How to Recover Your Lost Cryptocurrency From Online Scam,32012841,324860,Non-Meta Decks,"[""32012841"",""32012841"",""10315429"",""55567161"",""55567161"",""55567161"",""66431519"",""2526224"",""2526224"",""2526224"",""45023678"",""45023678"",""38910263"",""38910263"",""6116731"",""26582143"",""26582143"",""99214782"",""92559258"",""72837335"",""14472500"",""57458399"",""62125438"",""62125438"",""62125438"",""90681088"",""65305978"",""65305978"",""65079854"",""9720537"",""59388357"",""59388357"",""91703676"",""91703676"",""91703676"",""71083002"",""70226289"",""21723081"",""38798785"",""5650082"",""5650082"",""5650082""]","[""19747827"",""19747827"",""39576656"",""37038993"",""37038993"",""37038993"",""62714453"",""64182380"",""64182380"",""64182380"",""71100270"",""51497409"",""34755994"",""34755994"",""92770064""]","[""23015896"",""23015896"",""23015896"",""69000994"",""69000994"",""69000994"",""26857786"",""26857786"",""6116731"",""6116731"",""96594609"",""96594609"",""96594609"",""59388357"",""38798785""]",1788187548,3 hours ago,,,0,"ygoprodeck.com, yugipedia.com, yugioh.fandom.com, yugiohtopdecks.com",<p>Apexshield Recovery helps victims of scam to recover their lost or stolen funds using blockchain forensics with no advance fee. Homepage : Apexshield Recovery</p>
730024,elfnote-730024,Elfnote,102380,154098,Tournament Meta Decks,"[""13597785"",""13597785"",""13597785"",""59581480"",""59581480"",""59581480"",""56651978"",""56651978"",""56651978"",""85976588"",""12375297"",""12375297"",""12375297"",""70488851"",""70488851"",""70488851"",""97556336"",""97556336"",""70088809"",""70088809"",""70088809"",""102380"",""102380"",""84192580"",""84192580"",""84192580"",""14558128"",""14558128"",""14558128"",""59438930"",""59438930"",""94145021"",""94145021"",""64491754"",""64491754"",""36709484"",""25661743"",""25311006"",""24224830"",""24092792""]","[""5559570"",""42302563"",""73580471"",""50954680"",""44508094"",""30983281"",""98506199"",""93125329"",""60465049"",""74586817"",""90953320"",""22850702"",""72444406"",""33158448"",""31822037""]","[""49036338"",""38814750"",""74203495"",""74203495"",""74203495"",""27204311"",""27204311"",""27204311"",""42141493"",""42141493"",""42141493"",""24508238"",""24508238"",""33854624"",""6637331""]",1788111948,1 day ago,,,0,Elfnote  / Leuven WCQ Regional Top 8,<p>Category: Tournament Meta Decks (TCG)</p><p>Tournament Meta Decks are current-level Meta Decks that are capable of going up against the best of the best. These are curated lists that cannot be uploaded by regular users.</p><p>Creator: Basnet Devashish</p><p>Tournament: Leuven WCQ Regional &ndash; August 30th 2026</p><p>Placement: Top 8</p>
730026,ignister-maliss-730026,@Ignister Maliss,64211118,154098,Tournament Meta Decks,"[""32061192"",""69272449"",""96676583"",""96676583"",""96676583"",""20938824"",""20938824"",""20938824"",""3723262"",""30118811"",""30118811"",""30118811"",""91800273"",""42141493"",""42141493"",""42141493"",""14558128"",""14558128"",""14558128"",""94145021"",""94145021"",""33854624"",""6637331"",""72656408"",""68337209"",""68337209"",""93453053"",""1475311"",""1475311"",""1475311"",""73628505"",""75500286"",""40366667"",""40366667"",""40366667"",""6325660"",""6325660"",""6325660"",""94722358"",""57111661""]","[""21848500"",""68059897"",""32995276"",""52698008"",""64211118"",""5043010"",""60303245"",""24842059"",""86066372"",""58036229"",""8264361"",""29301450"",""9763474"",""92422871"",""72444406""]","[""71278040"",""71278040"",""24508238"",""24508238"",""4227096"",""4227096"",""4227096"",""25311006"",""24224830"",""15693423"",""15693423"",""15693423"",""31849106"",""31849106"",""31849106""]",1788111948,1 day ago,,,0,@Ignister Maliss  / Leuven WCQ Regional Top 8,<p>Category: Tournament Meta Decks (TCG)</p><p>Tournament Meta Decks are current-level Meta Decks that are capable of going up against the best of the best. These are curated lists that cannot be uploaded by regular users.</p><p>Creator: Ryan Kamanzi Odito</p><p>Tournament: Leuven WCQ Regional &ndash; August 30th 2026</p><p>Placement: Top 8</p>
730027,barian-mitsurugi-ryzeal-pre-beyond-the-brave-60-cards-730027,Barian Mitsurugi Ryzeal (pre beyond the brave 60 cards),13332685,302803,Meta Decks,"[""13332685"",""19899073"",""55397172"",""19899073"",""18176525"",""18176525"",""18176525"",""82782870"",""40543231"",""20295753"",""13048472"",""13048472"",""13048472"",""45171524"",""45171524"",""45171524"",""81560239"",""81560239"",""49721684"",""17954937"",""35844557"",""35844557"",""8633261"",""8633261"",""84433129"",""72238166"",""34022970"",""6798031"",""53276089"",""55697723"",""55697723"",""55697723"",""81096431"",""81096431"",""98881700"",""7477101"",""7477101"",""7477101"",""23153227"",""23153227"",""23153227"",""57734012"",""14558127"",""14558127"",""14558127"",""42141493"",""42141493"",""87126721"",""98338152"",""98338152"",""98338152"",""24299458"",""24299458"",""24299458"",""25311006"",""35269904"",""35269904"",""35269904"",""65681983"",""24224830""]","[""34909328"",""7511613"",""59627393"",""9940036"",""49456901"",""66011101"",""2061963"",""63767246"",""61399402"",""44698398"",""85121942"",""48739166"",""12744567"",""34876719"",""61374414""]","[""76948970"",""93039339"",""8165596"",""46772449"",""90590303"",""30761649"",""10045474"",""10045474"",""10045474""]",1788191148,2 hours ago,,,0,Mitsurugi,<p>this is pre beyond the brave</p>
730029,sky-striker-730029,Sky Striker,78114463,154098,Tournament Meta Decks,"[""26077387"",""26077387"",""26077387"",""37351133"",""37351133"",""14558128"",""14558128"",""14558128"",""59438930"",""59438930"",""73642296"",""94145021"",""94145021"",""63166095"",""63166095"",""63166095"",""9726840"",""9726840"",""9726840"",""34433770"",""34433770"",""98338152"",""98338152"",""98338152"",""51227866"",""30271097"",""30271097"",""30271097"",""5318639"",""20508881"",""20508881"",""20508881"",""24299458"",""24299458"",""35261759"",""35261759"",""35261759"",""24224830"",""25311006"",""32807846""]","[""76072561"",""76072561"",""76072561"",""63288573"",""63288573"",""63288573"",""90673288"",""8491308"",""25072579"",""75147529"",""63013339"",""98462037"",""29301450"",""87746184"",""78397661""]","[""102380"",""102380"",""102380"",""42141493"",""42141493"",""42141493"",""18144507"",""98476659"",""98476659"",""15693423"",""15693423"",""78114463"",""78114463"",""78114463"",""41420027""]",1788111948,1 day ago,,,0,Sky Striker  / Leuven WCQ Regional Top 4,<p>Category: Tournament Meta Decks (TCG)</p><p>Tournament Meta Decks are current-level Meta Decks that are capable of going up against the best of the best. These are curated lists that cannot be uploaded by regular users.</p><p>Creator: Nuri Yavuz</p><p>Tournament: Leuven WCQ Regional &ndash; August 30th 2026</p><p>Placement: Top 4</p>
730032,blitzclique-730032,Blitzclique,70088809,154098,Tournament Meta Decks,"[""22912101"",""22912101"",""22912101"",""58916810"",""58916810"",""58916810"",""84401954"",""84401954"",""84401954"",""11895663"",""85523502"",""85523502"",""70088809"",""70088809"",""70088809"",""42141493"",""42141493"",""42141493"",""73642296"",""73642296"",""14558128"",""14558128"",""14558128"",""37654623"",""37654623"",""37654623"",""64049762"",""64049762"",""64049762"",""433377"",""30271097"",""30271097"",""30271097"",""49238328"",""49238328"",""84211599"",""25311006"",""35726888"",""59921227"",""59921227""]","[""74586817"",""72444406"",""50793215"",""98506199"",""98506199"",""93125329"",""93125329"",""73580471"",""78397661"",""87746184"",""87746184"",""76666602"",""93039339"",""29301450"",""9763474""]","[""71564252"",""102380"",""102380"",""84192580"",""84192580"",""84192580"",""94145021"",""94145021"",""24224830"",""58921041"",""15693423"",""15693423"",""15693423"",""41420027"",""23526128""]",1788111948,1 day ago,,,0,Blitzclique  / Leuven WCQ Regional Top 4,<p>Category: Tournament Meta Decks (TCG)</p><p>Tournament Meta Decks are current-level Meta Decks that are capable of going up against the best of the best. These are curated lists that cannot be uploaded by regular users.</p><p>Creator: Attilio Sepe</p><p>Tournament: Leuven WCQ Regional &ndash; August 30th 2026</p><p>Placement: Top 4</p>
730033,bewd-730033,BEWD,12381100,250528,Non-Meta Decks,"[""89631139"",""89631139"",""27204311"",""27204311"",""30576089"",""54332792"",""54332792"",""54332792"",""14558127"",""14558127"",""14558127"",""73642296"",""73642296"",""73642296"",""45644898"",""8240199"",""8240199"",""8240199"",""97268402"",""97268402"",""17947697"",""17947697"",""17947697"",""70551291"",""40089744"",""24382602"",""2295440"",""17725109"",""88901994"",""25311006"",""35269904"",""80326401"",""80326401"",""80326401"",""24224830"",""65681983"",""71143015"",""62089826"",""10045474"",""43219114""]","[""12381100"",""23995346"",""56532353"",""11443677"",""26268488"",""89604813"",""63436931"",""10515412"",""59822133"",""59822133"",""59822133"",""50954680"",""25862681"",""24361622"",""42097666""]","[""54693926"",""54693926"",""54693926"",""14532163"",""14532163"",""14532163"",""98476659"",""98476659"",""98476659"",""12580477"",""12580477"",""12580477"",""15693423"",""15693423"",""15693423""]",1788191148,2 hours ago,1788191148,2 hours ago,0,Hehe 39643643626874 negates go brr,<p>1.5 Card Combo Line:<br /><br />Normal Summon Sage<br />Add Maiden<br />Discard Maiden to activate True Light<br />True light to set wishes<br />Activate wishes discarding any card<br />Add Ultimate Fusion &amp; Master<br />Link Summon Spirit using Sage<br />Activate Spirit to add Mausoleum<br />Activate mausoleum<br />Use the effect of mausoleum to dump bewd from deck<br />Tribute spirit to SS Bewd from GY<br />Since bewd was summoned ss maiden from GY<br />Use the extra NS from Mausoleum for master<br />Activate master's effect to add back sage<br />Discard sage and target maiden<br />Maiden's effect to ss sage from GY<br />Send Maiden to GY To SS Jet Dragon from Deck<br />Synchro using Master and Jet Dragon for Spirit Dragon<br />Tribute spirit dragon for Ancient fairy dragon<br />Activate the effect of Ancient fairy dragon destroying Mausoleum to gain 1000 LP and add Gateway to chaos<br />Since Mausoleum was destroyed SS Jet Dragon from GY<br />Activate Gateway to Chaos to add BLS - Legendary Swordsman<br />Banish Wishes from GY to equip Blue-Eyes Ultimate Dragon to bewd<br />Synchro using bewd and sage for the 2nd spirit dragon<br />Activate ultimate fusion fusing the ultimate dragon in GY with BLS in hand for Magia<br />Tribute Spirit Dragon for Crimson Dragon<br />Activate the effect of Crimson Dragon to add Synchro Rumble<br />Activate Synchro Rumble to SS Maiden from GY<br />Synchro summon the 3rd Spirit using Maiden and Jet Dragon<br />Tribute spirit for Ultimate Spirit<br />Spin Crimson Dragon to SS Sifr from Extra<br />Shuffle back Master to send Ancient fairy dragon to GY summoning back 1 spirit dragon<br />Pass turn</p>
730034,light-and-dark-730034,Light and Dark,6728559,312785,Non-Meta Decks,"[""6728559"",""17350692"",""62002838"",""35614780"",""51786039"",""51786039"",""18294799"",""18294799"",""55878038"",""32731036"",""72656408"",""6637331"",""33854624"",""62962630"",""62962630"",""62962630"",""68468459"",""68468459"",""95515789"",""95515789"",""66699781"",""66699781"",""18859369"",""18859369"",""57421866"",""57421866"",""97651498"",""99543666"",""99266988"",""61322713"",""63295720"",""63295720"",""36637374"",""18973184"",""34090915"",""34090915"",""32756828"",""60442460"",""45675980"",""6763530""]","[""80843006"",""92892239"",""19652159"",""13076804"",""27548199"",""3040496"",""22850702"",""27572350"",""28400508"",""63767246"",""88177324"",""58820923"",""29301450"",""66403530"",""31833038""]",,1788191148,2 hours ago,1788194748,1 hour ago,0,"Chaos, chaos!",<p>I just cooked up some straight bullshiiiitttt</p>
730035,fire-king-snake-eye-730035,Fire king snake-eye,90681088,317623,Non-Meta Decks,"[""90681088"",""90681088"",""90681088"",""2526224"",""2526224"",""2526224"",""66431519"",""66431519"",""44455560"",""44455560"",""18621798"",""23015896"",""69000994"",""38910263"",""96594609"",""65305978"",""65305978"",""57554544"",""57554544"",""59388357"",""91703676"",""48452496"",""27260347"",""9674034"",""90241276"",""26700718"",""14558127"",""14558127"",""14558127"",""97268402"",""97268402"",""97268402"",""42141493"",""84192580"",""59438930"",""94145021"",""2295440"",""24224830"",""10045474"",""10045474"",""10045474""]","[""64182380"",""64182380"",""2857636"",""37880706"",""57134592"",""2772337"",""2772337"",""20665527"",""48815792"",""87871125"",""60303245"",""29301450"",""38342335"",""65741786"",""61245672""]",,1788191148,2 hours ago,,,0,Fire king,<p>Fun deck to play at locals&nbsp;</p>
730036,light-and-darkness-ritual-k9-vanquish-soul-730036,Light and Darkness Ritual K9 Vanquish Soul,54562327,154098,Tournament Meta Decks,"[""29302858"",""29302858"",""29302858"",""93156774"",""29280200"",""29280200"",""29280200"",""9091064"",""9091064"",""92895501"",""92895501"",""91073013"",""92248362"",""92248362"",""92248362"",""28642461"",""55031170"",""91025875"",""24088928"",""24088928"",""97462632"",""97462632"",""97462632"",""98684220"",""98684220"",""98684220"",""44001993"",""70405001"",""14558128"",""14558128"",""14558128"",""54562327"",""54562327"",""54562327"",""35550352"",""80181649"",""53792930"",""33599853"",""32807846"",""24749710"",""60883493""]","[""28168628"",""28168628"",""29301450"",""90448279"",""40673853"",""2061963"",""49456901"",""34876719"",""61374414"",""12744567"",""64276752"",""90303227"",""27420823"",""77894049""]","[""50073633"",""102380"",""102380"",""102380"",""94145021"",""94145021"",""42141493"",""42141493"",""42141493"",""84192580"",""84192580"",""98476659"",""98476659"",""58921041"",""24207889""]",1788111948,1 day ago,,,0,Light and Darkness Ritual K9 Vanquish Soul  / Leuven WCQ Regional 1st Place,<p>Category: Tournament Meta Decks (TCG)</p><p>Tournament Meta Decks are current-level Meta Decks that are capable of going up against the best of the best. These are curated lists that cannot be uploaded by regular users.</p><p>Creator: Tarik Belfa</p><p>Tournament: Leuven WCQ Regional &ndash; August 30th 2026</p><p>Placement: 1st Place</p>
730037,nr-anguish-hero-730037,NR Anguish HERO,27780618,234677,Non-Meta Decks,"[46939151,46939151,46939151,61320914,96693371,22865492,22865492,22865492,67987302,54185227,9798352,9798352,9798352,86605515,86605515,86605515,82697428,82697428,77124096,77124096,77124096,23611122,23611122,23611122,91392974,64765016,64765016,64765016,74003290,74003290,89328238,89328238,23626223,23626223,23626223,9064354,9064354,83626916,14554127,14554127]","[86282581,86282581,40251688,40251688,85252081,94151981,94151981,359563,91499077,41524885,47195442,84121193,9763474,9763474,49725936]",,1788191148,2 hours ago,,,0,NR Anguish HEROYu-Gi-Oh! Deck Uploaded by NR YGO,"A deck automatically uploaded from the Master Duel Companion App to YGOPRODeck.com. Our companion app offers a Yu-Gi-Oh! Master Duel deck tracker to assist players in tracking their deck and stats. <a rel=""nofollow"" href=""https://ygoprodeck.com/master-duel/companion-app"" target=""_blank"">Try it here</a>!"
730038,endymion-730038,Endymion,3611830,33962,Non-Meta Decks,"[""3611830"",""3611830"",""3611830"",""66104644"",""92559258"",""92559258"",""92559258"",""53842431"",""53842431"",""53842431"",""27354732"",""27354732"",""27354732"",""39016067"",""39016067"",""39016067"",""71222649"",""33782437"",""38943357"",""38943357"",""38943357"",""70368879"",""70368879"",""70368879"",""98829635"",""98829635"",""98829635"",""38817295"",""38817295"",""38817295"",""41350417"",""41350417"",""41350417"",""39123673"",""39123673"",""39123673"",""100458025"",""100458025"",""100458025"",""39910367""]","[""59400890"",""22850702"",""98127546"",""29479265"",""86066372"",""92812851"",""45819647"",""8264361"",""30674956"",""97661969"",""9839945"",""29301450"",""22125101"",""22125101"",""65741787""]",,1788191148,2 hours ago,,,0,Just read the freaking card!,<p>...</p>
730039,elfnote-730039,Elfnote,94641726,154098,Tournament Meta Decks,"[""13597785"",""13597785"",""13597785"",""59581480"",""59581480"",""59581480"",""56651978"",""56651978"",""56651978"",""85976588"",""12375297"",""12375297"",""70488851"",""70488851"",""10266279"",""97556336"",""97556336"",""60303688"",""70088809"",""70088809"",""70088809"",""42141493"",""42141493"",""42141493"",""14558128"",""14558128"",""14558128"",""73642296"",""73642296"",""73642296"",""94145021"",""94145021"",""33854624"",""64491754"",""25661743"",""25661743"",""25661743"",""30271097"",""30271097"",""24092792""]","[""5559570"",""42302563"",""40139997"",""50954680"",""94641726"",""31924889"",""5914858"",""93125329"",""90953320"",""22850702"",""33158448"",""53971455"",""78397661"",""87746184"",""29301450""]","[""84192580"",""84192580"",""84192580"",""59438930"",""59438930"",""18144507"",""14532163"",""98476659"",""98476659"",""98476659"",""25311006"",""24224830"",""78114463"",""78114463"",""41420027""]",1788111948,1 day ago,,,0,Elfnote  / Florianopolis WCQ Regional 2nd Place,<p>Category: Tournament Meta Decks (TCG)</p><p>Tournament Meta Decks are current-level Meta Decks that are capable of going up against the best of the best. These are curated lists that cannot be uploaded by regular users.</p><p>Creator: Pedro Henrique Fontana</p><p>Tournament: Florianopolis WCQ Regional &ndash; August 30th 2026</p><p>Placement: 2nd Place</p>
730040,jesse-crystal-beast-730040,Jesse Crystal beast,7093411,23704,Non-Meta Decks,"[""7093411"",""7093411"",""7093411"",""36795102"",""36795102"",""95600067"",""32710364"",""79856792"",""19211362"",""6728559"",""90241276"",""45663742"",""9674034"",""27260347"",""48452496"",""72270339"",""80845034"",""80845034"",""80845034"",""89023486"",""53639887"",""85106525"",""85106525"",""85106525"",""60764609"",""60764609"",""35552985"",""2295440"",""3574681"",""3574681"",""3574681"",""10938846"",""10938846"",""10938846"",""63945693"",""63945693"",""63945693"",""9334391"",""9334391"",""9334391"",""12877076"",""35726888"",""35726888"",""35726888"",""5611760"",""49568943"",""75952542"",""54693926"",""54693926"",""54693926"",""35269904"",""35269904"",""35269904"",""25311006"",""25311006"",""25311006"",""10045474"",""10045474"",""10045474""]","[""74997493"",""29423048"",""45112597"",""2463794"",""71818935"",""93860227"",""94259633"",""2857636"",""48815792"",""9839945"",""29301450"",""65741786"",""2772337""]","[""14469229"",""14469229"",""87475570"",""87475570""]",1788194748,1 hour ago,,,0,Crystal Beast,<p>Crystal beast + sneak-eye</p>
730041,winged-dragon-of-ra-genesys-100-point-730041,Winged Dragon of Ra Genesys (100 Point),10000010,324372,Non-Meta Decks,"[""10000010"",""10000010"",""10000010"",""10000080"",""10000090"",""15771991"",""15771991"",""15771991"",""79387392"",""79387392"",""79387392"",""74875003"",""74875003"",""74875003"",""23434538"",""5318639"",""5318639"",""12580477"",""12580477"",""83764719"",""41044418"",""41044418"",""41044418"",""5253985"",""5253985"",""78665705"",""78665705"",""78665705"",""11587414"",""11587414"",""11587414"",""35480699"",""26905245"",""26905245"",""26905245"",""77432167"",""10045474"",""10045474"",""41420027"",""41420027""]","[""42166000"",""42166000"",""42166000"",""90162951"",""6983839"",""46772449"",""84013237"",""56832966""]","[""102380"",""102380"",""102380""]",1788194748,1 hour ago,,,0,Ra,<p>My first Ra deck</p>
730042,charmed-730042,Charmed,74364659,149469,Fun/Casual Decks,"[""74364659"",""37970940"",""759393"",""37744402"",""73318863"",""91530236"",""91530236"",""91530236"",""11911336"",""11911336"",""68881649"",""31887905"",""4376658"",""31764353"",""40542825"",""62256492"",""62256492"",""62256492"",""38057522"",""38057522"",""40894584"",""60666820"",""62953041"",""44680819"",""74426895"",""25704359"",""25704359"",""65046521"",""65046521"",""6540606"",""14824019"",""23314220"",""23314220"",""89739383"",""15746348"",""62803464"",""76615300"",""86395581"",""73628505"",""25123082""]","[""48016074"",""73309655"",""97661969"",""48815792"",""30674956"",""9839945"",""8264361"",""84433295"",""45819647"",""45819647"",""86066372"",""38342335"",""2857636"",""72167543"",""6983839""]","[""65268179"",""92652813"",""410904"",""25704359"",""65046521"",""56524813"",""70156997"",""42945701"",""79333300"",""38057522"",""23314220"",""26732909"",""49191560"",""28553439"",""25407643""]",1788194748,1 hour ago,,,0,Charmers WIP,<p>Charmers WIP</p>
730043,blitzclique-730043,Blitzclique,85523502,88692,Meta Decks,"[""85523502"",""85523502"",""85523502"",""22912101"",""22912101"",""22912101"",""58916810"",""58916810"",""58916810"",""84401954"",""84401954"",""84401954"",""11895663"",""49238328"",""49238328"",""84211599"",""64049762"",""64049762"",""64049762"",""433377"",""37654623"",""37654623"",""37654623"",""59921227"",""59921227"",""23526128"",""42141493"",""42141493"",""42141493"",""14558127"",""14558127"",""94145021"",""59438930"",""59438930"",""59438930"",""73642296"",""73642296"",""30271097"",""30271097"",""30271097""]","[""87746184"",""87746184"",""87746184"",""76666602"",""76666602"",""76666602"",""78397661"",""34909328"",""9940036"",""66011101"",""581014"",""45852939"",""76213610"",""63746411"",""46772449""]","[""102380"",""102380"",""102380"",""91800273"",""84192580"",""84192580"",""84192580"",""73642296"",""41420027"",""40605147"",""40605147"",""18144507"",""14532163"",""14532163"",""25311006""]",1788194748,1 hour ago,,,0,Blitzclique,<p>Blitzclique</p>
730045,genesys-cyber-dragon-730045,[Genesys] Cyber Dragon,70095154,312147,Genesys Decks,"[""70095154"",""70095154"",""70095154"",""19715246"",""19715246"",""23893227"",""23893227"",""23893227"",""56364287"",""56364287"",""56364287"",""1142880"",""1142880"",""63941210"",""63941210"",""60600126"",""60600126"",""60600126"",""63995093"",""63995093"",""63995093"",""84797028"",""84797028"",""3659803"",""3659803"",""33041277"",""33041277"",""33041277"",""55704856"",""37630732"",""23171610"",""10045474"",""10045474"",""10045474"",""97268402"",""97268402"",""97268402"",""44095762"",""12580477"",""53129443""]","[""10443957"",""10443957"",""58069384"",""58069384"",""79229522"",""79229522"",""64599569"",""84058253"",""84058253"",""74157028"",""30275298""]",,1788194748,1 hour ago,,,0,[Genesys] Cyber Dragon,<p>[Genesys] Cyber Dragon</p>
730046,mitsurugi-730046,Mitsurugi,13332685,243935,Non-Meta Decks,"[""13332685"",""19899073"",""19899073"",""55397172"",""55397172"",""40543231"",""40543231"",""40543231"",""18176525"",""82782870"",""76948970"",""45171524"",""45171524"",""45171524"",""81560239"",""81560239"",""49721684"",""13048472"",""13048472"",""13048472"",""24461358"",""24461358"",""24461358"",""17954937"",""14558127"",""14558127"",""14558127"",""42141493"",""42141493"",""42141493"",""94145021"",""94145021"",""24299458"",""24299458"",""24299458"",""48130397"",""48130397"",""48130397"",""24224830"",""84211599""]","[""65741786"",""29301450"",""73898890"",""8264361"",""7594154"",""98127546"",""66011101"",""90590303"",""46772449"",""93039339"",""90448279"",""96334243"",""11765832"",""54757758"",""80843006""]","[""49604192"",""12210097"",""76725398"",""20295753"",""49238328"",""49238328"",""49238328""]",1788194748,1 hour ago,,,0,Mitsurugi,<p>Mitsurugi</p>
730047,dark-world-fiendsmith-730047,Dark World Fiendsmith,28803166,315718,Theorycrafting Decks,"[""34230233"",""34230233"",""41406613"",""41406613"",""60228941"",""60228941"",""60228941"",""77895328"",""77895328"",""77895328"",""32619583"",""7623640"",""60764609"",""60764609"",""28803166"",""97651498"",""50259460"",""14558127"",""14558127"",""14558127"",""73642296"",""73642296"",""59438930"",""59438930"",""52038441"",""52038441"",""52038441"",""76672730"",""65956182"",""71593652"",""98696958"",""98567237"",""35552985"",""24224830"",""81439173"",""25311006"",""33017655"",""33017655"",""33017655"",""99989863""]","[""22723778"",""39552584"",""46640168"",""82135803"",""93860227"",""22850702"",""79559912"",""66011101"",""4731783"",""32991300"",""71607202"",""28776350"",""58699500"",""49867899"",""2463794""]",,1788194748,1 hour ago,,,0,ygoprodeck.com,<p>testing</p>
730050,lunalight-730050,Lunalight,11876803,154098,Tournament Meta Decks,"[""8379983"",""8379983"",""8379983"",""11876803"",""35763582"",""35763582"",""11317977"",""35618217"",""35618217"",""50546208"",""47705572"",""83190280"",""87209160"",""87209160"",""87209160"",""42141493"",""42141493"",""42141493"",""14558128"",""14558128"",""14558128"",""87931906"",""2344618"",""2344618"",""2344618"",""48444114"",""48444114"",""57103969"",""57103969"",""57103969"",""24094653"",""35726888"",""35726888"",""35726888"",""81439174"",""10045474"",""10045474"",""10045474"",""40366667"",""40366667"",""40366667"",""13935001""]","[""54701958"",""54701958"",""24550676"",""24550676"",""81196066"",""81196066"",""97165977"",""88753594"",""96334243"",""96381979"",""66011101"",""90590304"",""50277355"",""29301450"",""22850702""]","[""87170768"",""87170768"",""87170768"",""94145021"",""94145021"",""58570206"",""58570206"",""98476659"",""98476659"",""98476659"",""48130397"",""48130397"",""48130397"",""25311006"",""24224830""]",1788111948,1 day ago,,,0,Lunalight  / The Side Deck Remote Duel WCQ Regional 2nd Place,<p>Category: Tournament Meta Decks (TCG)</p><p>Tournament Meta Decks are current-level Meta Decks that are capable of going up against the best of the best. These are curated lists that cannot be uploaded by regular users.</p><p>Creator: Louie Woohyun Ryu</p><p>Tournament: The Side Deck Remote Duel WCQ Regional &ndash; August 30th 2026</p><p>Placement: 2nd Place</p>
730051,ancient-fairy-life-dragon-illusion-730051,Ancient Fairy Life Dragon Illusion,43321985,321175,Fun/Casual Decks,"[""85314178"",""61480937"",""61480937"",""37552929"",""37552929"",""37552929"",""63947968"",""63947968"",""63947968"",""14558127"",""14558127"",""57985393"",""57985393"",""57985393"",""98888032"",""98888032"",""98888032"",""34873741"",""34873741"",""34873741"",""5414777"",""5414777"",""18144507"",""12580477"",""25311006"",""38625110"",""62173132"",""62173132"",""97345699"",""97345699"",""28903523"",""28903523"",""28903523"",""24440742"",""24440742"",""24440742"",""85442146"",""85442146"",""10045474"",""10045474""]","[""80532587"",""79415624"",""78693036"",""43321985"",""40702028"",""40702028"",""40702028"",""31539614"",""1528054""]","[""38625110"",""38625110"",""85442146""]",1788195888,41 minutes ago,,,0,Ancient Fairy Life Dragon,<p>I am unsure what goes well with Ancinet Fairy Life Dragon so i put illusion monsters/spellcaster</p>
730052,elfnote-730052,Elfnote,74203495,154098,Tournament Meta Decks,"[""13597785"",""13597785"",""13597785"",""59581480"",""59581480"",""59581480"",""56651978"",""56651978"",""56651978"",""85976588"",""12375297"",""12375297"",""70488851"",""70488851"",""10266279"",""97556336"",""97556336"",""70088809"",""70088809"",""33854624"",""42141493"",""42141493"",""42141493"",""84192580"",""84192580"",""14558128"",""14558128"",""14558128"",""73642296"",""73642296"",""59438930"",""59438930"",""94145021"",""94145021"",""64491754"",""25661743"",""25661743"",""25661743"",""24224830"",""24092792""]","[""5559570"",""42302563"",""73580471"",""40139997"",""50954680"",""44508094"",""30983281"",""93125329"",""5914858"",""60465049"",""74586817"",""90953320"",""22850702"",""33158448"",""29301450""]","[""49036338"",""38814750"",""74203495"",""74203495"",""102380"",""102380"",""102380"",""73642296"",""6637331"",""18144507"",""14532163"",""14532163"",""25311006"",""84749824"",""41420027""]",1788025548,2 days ago,,,0,Elfnote  / Belo Horizonte WCQ Regional Top 4,<p>Category: Tournament Meta Decks (TCG)</p><p>Tournament Meta Decks are current-level Meta Decks that are capable of going up against the best of the best. These are curated lists that cannot be uploaded by regular users.</p><p>Creator: Luan Nogueira</p><p>Tournament: Belo Horizonte WCQ Regional &ndash; August 29th 2026</p><p>Placement: Top 4</p>
730054,kewl-tune-730054,Kewl Tune,22850702,154098,Tournament Meta Decks,"[""16387555"",""16387555"",""16387555"",""17209452"",""17209452"",""17209452"",""89392810"",""89392810"",""89392810"",""16509007"",""16509007"",""43904702"",""14558128"",""14558128"",""14558128"",""59438930"",""59438930"",""59438930"",""73642296"",""73642296"",""73642296"",""97268402"",""97268402"",""97268402"",""94145021"",""94145021"",""14442329"",""78058681"",""78058681"",""78058681"",""99243014"",""97474300"",""97474300"",""35261759"",""35261759"",""10045474"",""10045474"",""10045474"",""97045737"",""97045737"",""97045737""]","[""65961304"",""39576656"",""15665977"",""15665977"",""88170262"",""88170262"",""42781164"",""42781164"",""41069676"",""4891376"",""4891376"",""50793215"",""821049"",""22850702"",""93039339""]","[""42141493"",""42141493"",""42141493"",""84192580"",""84192580"",""84192580"",""24508238"",""24508238"",""24508238"",""15693423"",""15693423"",""15693423"",""58921041"",""41420027"",""18158393""]",1788025548,2 days ago,,,0,Kewl Tune  / Belo Horizonte WCQ Regional Top 8,<p>Category: Tournament Meta Decks (TCG)</p><p>Tournament Meta Decks are current-level Meta Decks that are capable of going up against the best of the best. These are curated lists that cannot be uploaded by regular users.</p><p>Creator: Gabriel Maia</p><p>Tournament: Belo Horizonte WCQ Regional &ndash; August 29th 2026</p><p>Placement: Top 8</p>
730056,branded-light-and-darkness-ritual-730056,Branded Light and Darkness Ritual,69680031,154098,Tournament Meta Decks,"[""70405001"",""44001993"",""98684220"",""98684220"",""98684220"",""97462632"",""97462632"",""97462632"",""24088928"",""50073633"",""73819701"",""73819701"",""68468459"",""95515789"",""55273560"",""60303688"",""69680031"",""70088809"",""70088809"",""70088809"",""42141493"",""42141493"",""42141493"",""84192580"",""84192580"",""94145021"",""94145021"",""33599853"",""1984618"",""1984618"",""29948294"",""29948294"",""29948294"",""30271097"",""30271097"",""24461358"",""24461358"",""24461358"",""24749710"",""24749710""]","[""44508094"",""93125329"",""22850702"",""53971455"",""74405783"",""78397661"",""87746184"",""38811586"",""44146295"",""24915933"",""41373230"",""51409648"",""76666602"",""72272462"",""80843006""]","[""102380"",""102380"",""84192580"",""27204311"",""27204311"",""27204311"",""14558128"",""14558128"",""14558128"",""18144507"",""98476659"",""98476659"",""98476659"",""25311006"",""24224830""]",1788103050,2 days ago,,,0,Branded Light and Darkness Ritual  / Osnabrück WCQ Regional Top 8,<p>Category: Tournament Meta Decks (TCG)</p><p>Tournament Meta Decks are current-level Meta Decks that are capable of going up against the best of the best. These are curated lists that cannot be uploaded by regular users.</p><p>Creator: Manaff Alassani</p><p>Tournament: Osnabr&uuml;ck WCQ Regional &ndash; August 30th 2026</p><p>Placement: Top 8</p>
730057,5d-progression-week-4-730057,5D Progression Week 4,75498415,280791,Non-Meta Decks,"[""75498415"",""75498415"",""75498415"",""58820853"",""58820853"",""58453942"",""58453942"",""58453942"",""84847656"",""84847656"",""49003716"",""49003716"",""49003716"",""22835145"",""11232355"",""11232355"",""63977008"",""85215458"",""85215458"",""85215458"",""59575539"",""59575539"",""23571046"",""22171591"",""22171591"",""91351370"",""91351370"",""6795211"",""6795211"",""6178850"",""6178850"",""32441317"",""32441317"",""35480699"",""67723438"",""28741524"",""24268052"",""24268052"",""24268052"",""15552258"",""15552258"",""15552258"",""23323812"",""23323812"",""23323812""]","[""95526884"",""70780151"",""45379225"",""73580471"",""73580471"",""76913983"",""19974580"",""19974580"",""19974580"",""43385557"",""60800381""]","[""89547299"",""89547299"",""58820853"",""46239604"",""46239604"",""46239604"",""59575539"",""23571046"",""22171591"",""68392533"",""91351370"",""59616123"",""59616123"",""59616123""]",1788200250,21 hours ago,,,0,more birds????,<p>psychic and birds</p>
730058,mitsurugi-730058,Mitsurugi,5088741,154098,Tournament Meta Decks,"[""13332685"",""19899073"",""19899073"",""19899073"",""55397172"",""18176525"",""40543231"",""40543231"",""40543231"",""82782870"",""76948970"",""91800273"",""42141493"",""42141493"",""42141493"",""84192580"",""84192580"",""94145021"",""94145021"",""49721684"",""81560239"",""81560239"",""81560239"",""45171524"",""45171524"",""45171524"",""13048472"",""13048472"",""13048472"",""24461358"",""24461358"",""30271097"",""30271097"",""84211599"",""40366667"",""40366667"",""40366667"",""6325660"",""6325660"",""17954937""]","[""6983839"",""90590304"",""46772449"",""66011101"",""581014"",""32530043"",""5088741"",""90448279"",""93039339"",""73898890"",""8264361"",""65741786"",""29301450"",""87746184"",""78397661""]","[""27204311"",""27204311"",""27204311"",""14558128"",""14558128"",""14558128"",""18144507"",""76725398"",""98476659"",""98476659"",""98476659"",""24224830"",""78114463"",""78114463"",""41420027""]",1788103050,2 days ago,,,0,Mitsurugi  / Osnabrück WCQ Regional Top 8,<p>Category: Tournament Meta Decks (TCG)</p><p>Tournament Meta Decks are current-level Meta Decks that are capable of going up against the best of the best. These are curated lists that cannot be uploaded by regular users.</p><p>Creator: Servet Kaan Zeybek</p><p>Tournament: Osnabr&uuml;ck WCQ Regional &ndash; August 30th 2026</p><p>Placement: Top 8</p>
730059,blitzclique-730059,Blitzclique,49238328,154098,Tournament Meta Decks,"[""22912101"",""22912101"",""22912101"",""58916810"",""58916810"",""58916810"",""84401954"",""84401954"",""84401954"",""11895663"",""85523502"",""85523502"",""85523502"",""42141493"",""42141493"",""42141493"",""84192580"",""84192580"",""14558128"",""14558128"",""59438930"",""59438930"",""94145021"",""94145021"",""37654623"",""37654623"",""37654623"",""64049762"",""64049762"",""64049762"",""49238328"",""49238328"",""49238328"",""84211599"",""30271097"",""30271097"",""30271097"",""73628505"",""59921227"",""59921227"",""23526128""]","[""87746184"",""87746184"",""44146295"",""41763141"",""15291624"",""80843006"",""11765832"",""54757758"",""94259633"",""86066372"",""45819647"",""98127546"",""97661969"",""29301450"",""93039339""]","[""71564252"",""48770333"",""91800273"",""18144507"",""433377"",""12580477"",""35269904"",""35269904"",""35269904"",""48130397"",""48130397"",""48130397"",""25311006"",""24224830"",""15693423""]",1788103050,2 days ago,,,0,Blitzclique  / Osnabrück WCQ Regional Top 4,<p>Category: Tournament Meta Decks (TCG)</p><p>Tournament Meta Decks are current-level Meta Decks that are capable of going up against the best of the best. These are curated lists that cannot be uploaded by regular users.</p><p>Creator: Gabriel Hackbarth</p><p>Tournament: Osnabr&uuml;ck WCQ Regional &ndash; August 30th 2026</p><p>Placement: Top 4</p>
730062,angelechy-elfnote-730062,Angelechy Elfnote,42410161,154098,Tournament Meta Decks,"[""13597785"",""13597785"",""13597785"",""59581480"",""59581480"",""59581480"",""56651978"",""56651978"",""56651978"",""85976588"",""12375297"",""12375297"",""70488851"",""10266279"",""54577949"",""97556336"",""97556336"",""97556336"",""70088809"",""70088809"",""70088809"",""14558128"",""14558128"",""14558128"",""73642296"",""73642296"",""94145021"",""94145021"",""97268402"",""97268402"",""97268402"",""64491754"",""64491754"",""48739627"",""17782288"",""25661743"",""25661743"",""80565021"",""80565021"",""80565021"",""24092792""]","[""5559570"",""42302563"",""42410161"",""81797573"",""55393975"",""55393975"",""28904860"",""32044675"",""50954680"",""4891376"",""73580471"",""1686814"",""98506199"",""78693036"",""33158448""]","[""10000080"",""10000080"",""42141493"",""42141493"",""42141493"",""68462976"",""4227096"",""4227096"",""4227096"",""98476659"",""98476659"",""98476659"",""25311006"",""24224830"",""25862681""]",1788016650,3 days ago,,,0,Angelechy Elfnote  / Belo Horizonte WCQ Regional Top 4,<p>Category: Tournament Meta Decks (TCG)</p><p>Tournament Meta Decks are current-level Meta Decks that are capable of going up against the best of the best. These are curated lists that cannot be uploaded by regular users.</p><p>Creator: Dante Farrenkopf</p><p>Tournament: Belo Horizonte WCQ Regional &ndash; August 29th 2026</p><p>Placement: Top 4</p>
730065,coole-zauberkarten-2-730065,coole zauberkarten 2,87430998,290664,Non-Meta Decks,"[""87430998"",""50913601"",""23424603"",""25789292"",""96864811"",""27243130"",""54773234"",""66865880"",""67227834"",""51405049"",""10667321"",""34487429"",""70147689"",""92001300"",""59811955"",""44052074"",""37457534"",""40830387"",""4446672"",""67829249"",""30435145"",""85602018"",""16430187"",""67724434"",""73915051"",""60764581"",""20686759"",""7817703"",""15635751"",""93104632"",""5133471"",""74741494"",""11050415"",""18027138"",""53545926"",""44256816"",""40703222"",""56606928"",""55144522"",""55144522"",""55144522"",""67169062"",""67169062"",""67169062"",""98645731"",""51790181"",""70278545"",""49238328"",""98476659"",""35261759"",""64014615"",""98672567"",""96598015"",""83968380"",""37576645"",""33784505"",""98954106"",""22454453"",""84404797"",""43236494""]","[""25862681"",""4891376"",""62517849"",""21521304"",""93777634"",""84343351"",""50954680""]","[""30653113"",""48653261"",""13604200"",""56433456"",""20374520"",""68170903"",""56830749"",""37520316"",""96729612"",""68829754"",""32663969"",""8783685"",""4031928"",""33099732""]",1788200250,21 hours ago,,,0,coole zauberkarten 2,<p>coole zauberkarten 2</p>
730066,despia-branded-730066,Despia Branded,44001993,154098,Tournament Meta Decks,"[""44001993"",""62962630"",""62962630"",""62962630"",""25451383"",""73819701"",""73819701"",""68468459"",""45883110"",""95515789"",""95515789"",""95515789"",""55273560"",""55273560"",""60303688"",""19304410"",""24088928"",""42141493"",""42141493"",""42141493"",""84192580"",""84192580"",""84192580"",""94145021"",""94145021"",""44362883"",""36637374"",""36637374"",""36637374"",""29948294"",""29948294"",""29948294"",""30271097"",""30271097"",""30271097"",""6498706"",""33599853"",""20508881"",""20508881"",""48130397"",""48130397"",""48130397"",""25311006"",""24224830"",""17751597""]","[""72272462"",""87746184"",""87746184"",""44146295"",""70534340"",""24915933"",""24915933"",""41373230"",""51409648"",""76666602"",""76666602"",""33166263"",""80843006"",""74405783"",""78397661""]","[""59509952"",""27204311"",""14558128"",""14558128"",""14558128"",""73642296"",""73642296"",""59438930"",""59438930"",""24508238"",""24508238"",""33854624"",""4227096"",""4227096"",""4227096""]",1788016650,3 days ago,,,0,Despia Branded  / Seattle WCQ Regional 1st Place,<p>Category: Tournament Meta Decks (TCG)</p><p>Tournament Meta Decks are current-level Meta Decks that are capable of going up against the best of the best. These are curated lists that cannot be uploaded by regular users.</p><p>Creator: Leo Morris</p><p>Tournament: Seattle WCQ Regional &ndash; August 29th 2026</p><p>Placement: 1st Place</p>
730067,onomat-winner-genesys-weekly-replays-730067,Onomat (Winner) - Genesys Weekly (Replays),12908094,320120,Genesys Decks,"[""35886170"",""35886170"",""35886170"",""9491461"",""9491461"",""9491461"",""12908094"",""12908094"",""62006866"",""59724555"",""23720856"",""55088578"",""55088578"",""55088578"",""8512558"",""4647954"",""69852487"",""55697723"",""55697723"",""55697723"",""81096431"",""6595475"",""85119159"",""85119159"",""85119159"",""7477101"",""23153227"",""23153227"",""23153227"",""12580477"",""12580477"",""53129443"",""53129443"",""53129443"",""25789292"",""25789292"",""25789292"",""12923641"",""12923641"",""12923641"",""68663427"",""39733924"",""96004535""]","[""93039339"",""67630394"",""20145685"",""59627393"",""94380860"",""45852939"",""6983839"",""31123642"",""82633039"",""46772449"",""16643334"",""581014"",""86331741"",""88917691"",""41522092""]","[""67750322"",""67750322"",""67750322"",""8267140"",""8267140"",""8267140"",""75364199"",""75364199"",""27581098"",""27581098"",""29549364"",""29549364"",""81489939"",""81489939"",""68630939""]",1788203850,20 hours ago,1788203850,20 hours ago,0,"(MAMO) Onomat - (Winner) - Genesys Weekly Tournament -  (Replays Below)  August 29th 2026, (47 Players), pilot:  Ian","<p>(MAMO) Onomat - (Winner) - Genesys Weekly Tournament -&nbsp; (Replays Below)&nbsp; August 29th 2026, (47 Players), pilot:&nbsp; Ian<br /><a class=""anchor__14d82 anchorUnderlineOnHover__14d82"" tabindex=""0"" title=""https://docs.google.com/spreadsheets/d/1ehAk3OgU40gbaG7t93JLxIuieGsiKpYu-HgW7-raPKM/edit?usp=sharing"" role=""link"" target=""_blank"" rel=""noreferrer noopener"">https://docs.google.com/spreadsheets/d/1ehAk3OgU40gbaG7t93JLxIuieGsiKpYu-HgW7-raPKM/edit?usp=sharing</a></p>"
730068,fusion-tales-of-sharks-730068,Fusion Tales of Sharks,5014629,154160,Master Duel Decks,"[""53153481"",""53153481"",""33064647"",""33064647"",""21844577"",""58932616"",""84327329"",""38783169"",""42052439"",""42052439"",""42052439"",""2460565"",""2460565"",""2460565"",""17955766"",""48686504"",""90432163"",""36426778"",""23898021"",""54485355"",""54485355"",""54485355"",""79979666"",""423585"",""28985331"",""28985331"",""28985331"",""14785765"",""32750341"",""54582424"",""56343672"",""85840608"",""85840608"",""85840608"",""4647954"",""4647954"",""4647954"",""61245403"",""11522479"",""97522863"",""32807846"",""85852291"",""85852291"",""85852291"",""62623659"",""62623659"",""62623659"",""41587307"",""41587307"",""42199039"",""1187243"",""1187243"",""33872334"",""33550694"",""29762407"",""6500778"",""39980304"",""39980304"",""39980304"",""98827725""]","[""70681994"",""70681994"",""26050548"",""66532962"",""29343734"",""29343734"",""32828466"",""5014629"",""66011101"",""85692042"",""59934749"",""97973962"",""45819647"",""45819647"",""45112597""]",,1788203850,20 hours ago,1788203850,20 hours ago,0,Isolde FTK ft. Aero Shark + Fusion Gate,"<p>Greetings! In this deck, we will use Fusion Gate to FTK the opponent while finding combo pieces naturally in a way that you feel you were playing in Fusion Gate event. If you don't know how to play Isolde decks, you can check <a href=""/deck/fusion-tales-of-tomorrow-729324"" target=""_blank"" rel=""noopener nofollow""><strong>this</strong></a> guide!</p><p>&nbsp;</p><p><iframe src=""https://www.youtube.com/embed/jIr-zPwCC18"" width=""560"" height=""314"" allowfullscreen=""allowfullscreen""></iframe></p><p>&nbsp;</p><p><strong>Gameplan</strong></p><p>1) Find the following combo pieces with these cards:</p><ul><li>Mark &gt;&gt;&gt; Temple</li><li>Lilith &gt;&gt;&gt; Chain Material</li><li>Catty &gt;&gt;&gt; Fusion Gate</li></ul><p>2) Whether you can't tribute Lilith due to Chain in your hand or you can tribute Lilith, there are two paths you need to take, in order to make Alembertian with 4 x Level 4 as materials to search Distill:</p><p>&nbsp; &nbsp;<strong>a)</strong> <strong>Lilith Gone:</strong>&nbsp;2 x Dragoness &gt;&gt;&gt; Extox = 2 x Dragoness &gt;&gt;&gt; Alembertian = 3 x Level 4 + Extox &gt;&gt;&gt; Chorozo = Extox + Selene</p><p>&nbsp; &nbsp;<strong>b) Lilith Here:&nbsp;</strong>Chorozo = Zealantis + Selene &gt;&gt;&gt; Dragoness#1 &gt;&gt;&gt; Extox = Chorozo + Dragoness#1 &gt;&gt;&gt; Alembertian = 3 x Level 4 + Extox</p><p>3) Whichever path you are in, bring forth Electrum#1 to recover your resources. Then, depending on path you are on, play accordingly to have Selene and Electrum#1 onboard:</p><p>&nbsp; &nbsp;<strong>a)</strong> <strong>Lilith Gone:</strong> Selene = Chorozo + Alembertian + Zealantis</p><p>&nbsp; &nbsp;<strong>b) Lilith Here:&nbsp;</strong>Chorozo = Extox + Monk/Mark/Selene#2 &gt;&gt;&gt; Selene = Chorozo + Alembertian + Lilith</p><p>4) Now is the time to burn the opponent. It doesn't matter which path you took, rest will be common. Also, while summoning Wake, don't use Avian/Burstinatrix/Clayman/Bubbleman by accident or you can't continue...</p><ul><li>2 x Dragoness = Aero &gt;&gt;&gt; Wake = Electrum#1 + Warriors &gt;&gt;&gt; Aero = Burn &gt;&gt;&gt; Extox = Selene + Aero + Wake &gt;&gt;&gt; Electrum#2</li></ul><p>5) With Electrum#2 onboard, you can recover your resources alongside Electrum#1, making it an infinite loop. Here is the second step before returning into previous setup in #4...</p><ul><li>2 x Dragoness = Aero &gt;&gt;&gt; Wake = Electrum#2 + Warriors &gt;&gt;&gt; Aero = Burn &gt;&gt;&gt; Chorozo = Extox + Monk/Mark/Aleister &gt;&gt;&gt; Selene = Chorozo + Aero + Wake &gt;&gt;&gt; Electrum#1</li></ul><p>6) Simply put, repeat what was explained in #4 and #5 while using Aero to burn the opponent after Wake for the victory!</p><p>&nbsp;</p><p>If you wonder how to save up some SR and UR points, I can show you:</p><p>- ""Reinforcement of the Army"" can be found by completing the tutorial to save 30 UR!</p><p>- ""Blackwing - Zephyros the Elite"" can be collected by purchasing ""Blackwing's Pride"" Structure Deck to save 30 UR!</p><p>- ""Zexal Construction"" can be collected by purchasing ""Zero to Future"" Structure Deck to save 90 UR!</p><p>- ""Isolde, Two Tales of the Noble Knights"" can be found within ""Guided by the Noble Blade"" Secret Pack to save 30 UR!</p><p>- ""Lonefire Blossom"" can be either found within ""Ravenous Invasive Flora"" or ""Blooming in Adversity"" Secret Packs to save 30 SR!</p><p>- ""Lilith, Lady of Lament"" can be either found within ""Illusion Beast's Roar"" or ""Rulers of Darkness"" Secret Packs to save 30 UR!</p><p>- ""Summoner Monk"" can be found within ""True Awakening of the Oathbound Knights"" Secret Pack to save 30 SR!</p><p>- ""The Man with the Mark"" + ""Temple of the Kings"" can be found within ""Infernal Labyrinth of No Escape"" Secret Pack to save 30 SR and 30 UR!</p><p>- ""Neo Space Connector"" can be found within ""Neo Space Comrades"" Secret Pack to save 90 SR!</p><p>- ""Cursed Bamboo Sword"" can be found within ""A Dance Dedicated to the Heavens"" Secret Pack to save 30 SR!</p><p>- ""Ancient Cloak"" + ""Silent Boots"" + ""Shade Brigandine"" can be found within ""Indomitable Knights"" Secret Pack to save 90 SR!</p><p>- ""Sublimation Knight"" + ""Electrum"" can be found within ""Legacy Pack"" to save 150 SR!</p><p>- ""Number 60: Dugares the Timeless"" can be either found within ""Number Recall"" or ""The Ultimate Weapon: Flame and Thunder"" Secret Packs to save 30 SR!</p><p>- ""Selene, Queen of the Master Magicians"" can be found within ""Knowledge of the Mythlords"" Secret Pack to save 60 UR!</p><p>- ""Worldsea Dragon Zealantis"" can be found within ""Raging God of the Sea"" Secret Pack to save 30 UR!</p><p>- ""Primathmech Alembertian"" can be found within ""Supreme Strike"" Secret Pack to save 30 UR!</p><p>- ""Magistus Chorozo"" can be found within ""Great Propheseers"" Secret Pack to save 30 UR!</p><p>- ""Wake Up Your Elemental HERO"" can be found within ""The First Heros"" Secret Pack to save 30 UR!</p><p>- ""Extox Hydra"" can be either found within ""Sacred Imperial Tomb"" or ""Gods of Abyss and Arcadia"" Secret Packs to save 30 SR!</p><p>&nbsp;</p><p>So, in total, you can save up to 510 SR and 420 UR, if you are willing to spend some gems. Other SR and UR cards I didn't mention are essential.</p><p>&nbsp;</p><p>That's all for this one. If you have any questions, feel free to ask. Have fun in Master Duel!</p>"
730069,47-send-2-heaven-730069,47 send 2 heaven,82994509,294940,Non-Meta Decks,"[""82994509"",""82994509"",""82994509"",""48686504"",""41249545"",""41249545"",""41249545"",""39703254"",""39703254"",""83011278"",""83011278"",""83011278"",""40320754"",""40320754"",""40320754"",""62543393"",""62543393"",""82116191"",""66457407"",""66457407"",""66457407"",""2986553"",""2779999"",""2779999"",""55144522"",""55144522"",""55144522"",""28529976"",""28529976"",""81524977"",""81524977"",""18752938"",""18752938"",""53129443"",""12580477"",""5973663"",""5973663"",""5318639"",""5318639"",""43422537"",""43422537""]","[""73580471"",""73580471"",""44508095"",""70902743"",""29071332"",""29071332""]","[""51119924"",""51119924"",""24508238"",""71044499"",""17449108"",""17449108"",""5318639"",""73915051"",""73915051"",""64697231"",""64697231"",""53341729"",""99735427"",""24508238"",""24508238""]",1788203850,20 hours ago,,,0,47 send 2 heaven,<p><em>47 send 2 heaven</em></p>
730070,invoked-730070,Invoked,35261759,154098,Tournament Meta Decks,"[""86120751"",""86120751"",""86120751"",""57294268"",""57294268"",""57294268"",""84288367"",""84288367"",""84288367"",""10673071"",""875572"",""42141493"",""42141493"",""42141493"",""84192580"",""84192580"",""14558128"",""14558128"",""14558128"",""59438930"",""59438930"",""94145021"",""94145021"",""97268402"",""97268402"",""74063034"",""74063034"",""37432075"",""37432075"",""37432075"",""63926180"",""63926180"",""63926180"",""47679935"",""47679935"",""47679935"",""35261759"",""35261759"",""24224830"",""73628505""]","[""33166263"",""33166263"",""33166263"",""43989315"",""70383419"",""6772168"",""11270236"",""97300502"",""75286621"",""13529466"",""49513164"",""29301450"",""34755994"",""20714553"",""97973962""]","[""91800273"",""59438930"",""24299458"",""24299458"",""24299458"",""48130397"",""48130397"",""48130397"",""25311006"",""15693423"",""15693423"",""15693423"",""84749824"",""41420027"",""86319972""]",1788103050,2 days ago,,,0,Invoked  / The Side Deck Remote Duel WCQ Regional Top 8,<p>Category: Tournament Meta Decks (TCG)</p><p>Tournament Meta Decks are current-level Meta Decks that are capable of going up against the best of the best. These are curated lists that cannot be uploaded by regular users.</p><p>Creator: Samuel Tucker</p><p>Tournament: The Side Deck Remote Duel WCQ Regional &ndash; August 30th 2026</p><p>Placement: Top 8</p>
730071,elfnote-730071,Elfnote,40605147,154098,Tournament Meta Decks,"[""13597785"",""13597785"",""13597785"",""59581480"",""59581480"",""59581480"",""56651978"",""56651978"",""56651978"",""85976588"",""12375297"",""12375297"",""12375297"",""70488851"",""70488851"",""10266279"",""97556336"",""97556336"",""70088809"",""70088809"",""70088809"",""42141493"",""42141493"",""42141493"",""84192580"",""84192580"",""84192580"",""14558128"",""14558128"",""14558128"",""73642296"",""73642296"",""59438930"",""59438930"",""97268402"",""97268402"",""97268402"",""64491754"",""25661743"",""24092792""]","[""5559570"",""42302563"",""73580471"",""50954680"",""44508094"",""30983281"",""87188910"",""93125329"",""5914858"",""60465049"",""74586817"",""90953320"",""22850702"",""65961304"",""33158448""]","[""27204311"",""27204311"",""27204311"",""94145021"",""94145021"",""14532163"",""33017964"",""35269904"",""35269904"",""35269904"",""25311006"",""24224830"",""58921041"",""40605147"",""40605147""]",1788103050,2 days ago,,,0,Elfnote  / The Side Deck Remote Duel WCQ Regional Top 4,<p>Category: Tournament Meta Decks (TCG)</p><p>Tournament Meta Decks are current-level Meta Decks that are capable of going up against the best of the best. These are curated lists that cannot be uploaded by regular users.</p><p>Creator: Caidon Correll</p><p>Tournament: The Side Deck Remote Duel WCQ Regional &ndash; August 30th 2026</p><p>Placement: Top 4</p>
730072,speedroid-ark-v-730072,Speedroid Ark V,85482105,277756,Non-Meta Decks,"[""85482105"",""85482105"",""85482105"",""81275020"",""81275020"",""81275020"",""53932291"",""53932291"",""53932291"",""53054833"",""96708940"",""96708940"",""96708940"",""96945958"",""96945958"",""59640711"",""16725505"",""12148078"",""12148078"",""12148078"",""29114773"",""29114773"",""29114773"",""66002986"",""58543073"",""42141493"",""42141493"",""42141493"",""14558127"",""14558127"",""14558127"",""94145021"",""94145021"",""73642296"",""73642296"",""52038441"",""52038441"",""27204311"",""27204311"",""24299458"",""24299458"",""10045474"",""10045474"",""24224830""]","[""84343351"",""84343351"",""86154370"",""59765225"",""90036274"",""82044280"",""72813401"",""72813401"",""10732060"",""10732060"",""23361526"",""86943389"",""5772618"",""21516908"",""64880894""]","[""65155517"",""2254222""]",1788203850,20 hours ago,,,0,Speedroid,<p>Speedroid&nbsp;</p>
730073,azamina-mitsurugi-light-and-darkness-ritual-730073,Azamina Mitsurugi Light and Darkness Ritual,25224340,154098,Tournament Meta Decks,"[""70405001"",""44001993"",""98684220"",""98684220"",""98684220"",""97462632"",""97462632"",""97462632"",""24088928"",""24088928"",""44694191"",""97631303"",""72270339"",""72270339"",""72270339"",""40543231"",""40543231"",""82782870"",""18176525"",""55397172"",""19899073"",""13332685"",""42141493"",""42141493"",""42141493"",""84192580"",""84192580"",""84192580"",""27204311"",""27204311"",""27204311"",""14558128"",""14558128"",""14558128"",""94145021"",""94145021"",""33599853"",""94845588"",""66328392"",""80845034"",""80845034"",""80845034"",""45171524"",""45171524"",""45171524"",""81560239"",""49721684"",""25224340"",""25224340"",""13048472"",""13048472"",""24461358"",""24461358"",""24461358"",""81439174"",""6325660"",""6325660"",""6325660"",""17954937"",""24749710""]","[""73391962"",""46396218"",""59400890"",""94259633"",""34989413"",""5043010"",""58036229"",""86066372"",""45819647"",""7594154"",""98127546"",""27519978"",""8264361"",""29301450"",""50277355""]","[""102380"",""102380"",""102380"",""45041488"",""45041488"",""45041488"",""33854624"",""6637331"",""72656408"",""98476659"",""98476659"",""98476659"",""65681983"",""25311006"",""24224830""]",1788103050,2 days ago,,,0,Azamina Mitsurugi Light and Darkness Ritual  / Osnabrück WCQ Regional 2nd Place,<p>Category: Tournament Meta Decks (TCG)</p><p>Tournament Meta Decks are current-level Meta Decks that are capable of going up against the best of the best. These are curated lists that cannot be uploaded by regular users.</p><p>Creator: Charalampos Mavidis</p><p>Tournament: Osnabr&uuml;ck WCQ Regional &ndash; August 30th 2026</p><p>Placement: 2nd Place</p>
730074,kewl-tune-730074,Kewl Tune,33017964,154098,Tournament Meta Decks,"[""16387555"",""16387555"",""16387555"",""17209452"",""17209452"",""17209452"",""89392810"",""89392810"",""89392810"",""43904702"",""16509007"",""16509007"",""70088809"",""70088809"",""70088809"",""33854624"",""14558128"",""14558128"",""14558128"",""59438930"",""73642296"",""73642296"",""73642296"",""94145021"",""94145021"",""97268402"",""97268402"",""97268402"",""14442329"",""78058681"",""78058681"",""78058681"",""99243014"",""97474300"",""97474300"",""35261759"",""35261759"",""10045474"",""10045474"",""10045474""]","[""65961304"",""15665977"",""15665977"",""88170262"",""42781164"",""42781164"",""41069676"",""4891376"",""4891376"",""98506199"",""93125329"",""50793215"",""821049"",""72444406"",""22850702""]","[""42141493"",""42141493"",""42141493"",""84192580"",""84192580"",""84192580"",""18144507"",""14532163"",""33017964"",""33017964"",""98476659"",""24224830"",""58921041"",""41420027"",""18158393""]",1788103050,2 days ago,,,0,Kewl Tune  / Florianopolis WCQ Regional Top 8,<p>Category: Tournament Meta Decks (TCG)</p><p>Tournament Meta Decks are current-level Meta Decks that are capable of going up against the best of the best. These are curated lists that cannot be uploaded by regular users.</p><p>Creator: Jo&atilde;o da Rosa</p><p>Tournament: Florianopolis WCQ Regional &ndash; August 30th 2026</p><p>Placement: Top 8</p>
730075,dark-magician-730075,Dark Magician,7198399,27144,Non-Meta Decks,"[""46986414"",""46986414"",""46986414"",""74677422"",""40737112"",""78193831"",""29436665"",""342673"",""342673"",""71703785"",""35191415"",""30603688"",""38033121"",""38033121"",""42006475"",""82627406"",""82627406"",""7198399"",""7198399"",""7084129"",""7084129"",""56132807"",""56132807"",""34318086"",""34318086"",""71696014"",""71696014"",""20747792"",""20747792"",""95477924"",""95477924"",""60709218"",""60709218"",""49702428"",""2314238"",""70168345"",""11827244"",""13604200"",""13604200"",""46232525"",""1784686"",""11082056"",""63391643"",""111280"",""111280"",""41735184"",""41735184"",""69542930"",""69542930"",""73616671"",""73616671"",""59514116"",""59514116"",""23020408"",""48680970"",""48680970"",""86509711"",""86509711"",""7922915"",""7922915""]","[""84433295"",""41721210"",""37818794"",""75380687"",""58293343"",""98502113"",""50237654"",""84687358"",""43892408"",""19747827"",""22804644"",""96471335"",""85551711"",""91336701""]","[""24094653"",""24094653"",""88570003"",""88570003"",""88570003"",""2501624"",""2501624"",""2501624""]",1788203850,20 hours ago,,,0,Dark Magician hates me,"<p>At this time, the 2 alternate magician variants add up to $130 to buy, why does God hate me?</p>"
730076,all-out-heros-730076,All Out Heros,35095329,220167,Non-Meta Decks,"[""89943723"",""20721928"",""84327329"",""58932615"",""21844576"",""58554959"",""35095329"",""76978105"",""45659520"",""13650422"",""13650422"",""13650422"",""40044918"",""40044918"",""30583090"",""30583090"",""95943058"",""86188410"",""59392529"",""45195443"",""3598351"",""50304345"",""11881272"",""72043279"",""8949584"",""8949584"",""12071500"",""12071500"",""77124096"",""77124096"",""94820406"",""94820406"",""45906428"",""45906428"",""24094653"",""24094653"",""32807846"",""75047173"",""75047173"",""75047173""]","[""13708888"",""86676862"",""56733747"",""86165817"",""93347961"",""13293158"",""86282581"",""58332301"",""64655485"",""22908820"",""21947653"",""35809262"",""22160245"",""59893882"",""50282757""]",,1788203850,20 hours ago,,,0,For those who like Heros,<p>Heros are the Coolest thing ever&nbsp;</p>
730077,elfnote-730077,Elfnote,31924889,154098,Tournament Meta Decks,"[""13597785"",""13597785"",""13597785"",""59581480"",""59581480"",""59581480"",""56651978"",""56651978"",""56651978"",""85976588"",""12375297"",""12375297"",""70488851"",""10266279"",""97556336"",""97556336"",""70088809"",""70088809"",""70088809"",""42141493"",""42141493"",""42141493"",""84192580"",""84192580"",""14558128"",""14558128"",""14558128"",""59438930"",""59438930"",""73642296"",""73642296"",""94145021"",""94145021"",""64491754"",""25661743"",""25661743"",""25661743"",""30271097"",""30271097"",""24092792""]","[""5559570"",""42302563"",""73580471"",""40139997"",""50954680"",""98506199"",""93125329"",""31924889"",""74586817"",""90953320"",""22850702"",""72444406"",""33158448"",""87746184"",""78397661""]","[""34267821"",""34267821"",""34267821"",""102380"",""102380"",""102380"",""4227096"",""4227096"",""24224830"",""15693423"",""15693423"",""15693423"",""84749824"",""84749824"",""41420027""]",1788103050,2 days ago,,,0,Elfnote  / Rosario WCQ Regional Top 8,<p>Category: Tournament Meta Decks (TCG)</p><p>Tournament Meta Decks are current-level Meta Decks that are capable of going up against the best of the best. These are curated lists that cannot be uploaded by regular users.</p><p>Creator: Felipe Pereyra</p><p>Tournament: Rosario WCQ Regional &ndash; August 30th 2026</p><p>Placement: Top 8</p>
730078,branded-shining-sarc-2nd-place-genesys-weekly-replays-730078,Branded Shining Sarc (2nd Place) - Genesys Weekly (Replays),55158350,320120,Genesys Decks,"[""48048590"",""48048590"",""48048590"",""62962630"",""62962630"",""25451383"",""25451383"",""25451383"",""73819701"",""68468459"",""68468459"",""55273560"",""55273560"",""95515789"",""95515789"",""45484331"",""2501624"",""2501624"",""2501624"",""92110878"",""102380"",""102380"",""102380"",""43898403"",""43898403"",""43898403"",""98045062"",""98045062"",""98045062"",""25789292"",""25224340"",""25224340"",""25224340"",""6498706"",""6498706"",""6498706"",""55158350"",""55158350"",""55158350"",""78679226"",""78679226"",""78679226"",""79791878"",""79791878"",""79791878"",""29948294"",""29948294"",""29948294"",""36637374"",""9175957"",""45883110"",""19304410"",""44694191"",""24088928"",""2333466"",""44001993"",""33599853"",""22283204"",""82738008"",""17751597""]","[""87746184"",""76666602"",""70534340"",""44146295"",""3410461"",""41373230"",""51409648"",""85059922"",""59400890"",""24915933"",""72578374"",""80843006"",""78397661"",""93854893"",""11132674""]","[""28674152"",""93332803"",""66675911"",""10000080"",""10000080"",""10000080"",""64664373"",""64664373"",""64664373"",""51706604"",""51706604"",""51706604"",""75983808"",""75983808"",""70485614""]",1788203850,20 hours ago,1788203850,20 hours ago,0,"(MAMO) Branded Shining Sarc - (2nd Place) - Genesys Weekly -  (Replays Below)  August 29th 2026, (47 Players), pilot:  FallenOfTheHotPocket","<p>(MAMO) Branded Shining Sarc - (2nd Place) - Genesys Weekly -&nbsp; (Replays Below)&nbsp; August 29th 2026, (47 Players), pilot:&nbsp; FallenOfTheHotPocket<br /><a class=""anchor__14d82 anchorUnderlineOnHover__14d82"" tabindex=""0"" title=""https://docs.google.com/spreadsheets/d/1ehAk3OgU40gbaG7t93JLxIuieGsiKpYu-HgW7-raPKM/edit?usp=sharing"" role=""link"" target=""_blank"" rel=""noreferrer noopener"">https://docs.google.com/spreadsheets/d/1ehAk3OgU40gbaG7t93JLxIuieGsiKpYu-HgW7-raPKM/edit?usp=sharing</a></p>"
730081,elfnote-730081,Elfnote,82044280,154098,Tournament Meta Decks,"[""13597785"",""13597785"",""13597785"",""59581480"",""59581480"",""59581480"",""56651978"",""56651978"",""56651978"",""85976588"",""12375297"",""12375297"",""70488851"",""70488851"",""10266279"",""97556336"",""97556336"",""70088809"",""70088809"",""70088809"",""42141493"",""42141493"",""42141493"",""84192580"",""84192580"",""14558128"",""14558128"",""14558128"",""73642296"",""73642296"",""59438930"",""94145021"",""94145021"",""33854624"",""64491754"",""48739627"",""25661743"",""25661743"",""25661743"",""24092792""]","[""5559570"",""42302563"",""50954680"",""82044280"",""44508094"",""30983281"",""87188910"",""98506199"",""93125329"",""5914858"",""31924889"",""74586817"",""90953320"",""22850702"",""33158448""]","[""102380"",""102380"",""84192580"",""27204311"",""27204311"",""59438930"",""24508238"",""24508238"",""18144507"",""25311006"",""24224830"",""7811875"",""7811875"",""7811875"",""41420027""]",1788016650,3 days ago,,,0,Elfnote  / Merida WCQ Regional 1st Place,<p>Category: Tournament Meta Decks (TCG)</p><p>Tournament Meta Decks are current-level Meta Decks that are capable of going up against the best of the best. These are curated lists that cannot be uploaded by regular users.</p><p>Creator: Roberto Martínez</p><p>Tournament: Merida WCQ Regional &ndash; August 29th 2026</p><p>Placement: 1st Place</p>
730083,elfnote-730083,Elfnote,5914858,154098,Tournament Meta Decks,"[""13597785"",""13597785"",""13597785"",""59581480"",""59581480"",""59581480"",""56651978"",""56651978"",""56651978"",""85976588"",""12375297"",""12375297"",""70488851"",""70488851"",""10266279"",""97556336"",""97556336"",""70088809"",""70088809"",""70088809"",""42141493"",""42141493"",""42141493"",""84192580"",""84192580"",""14558128"",""14558128"",""14558128"",""73642296"",""73642296"",""59438930"",""59438930"",""33854624"",""64491754"",""25661743"",""25661743"",""25661743"",""30271097"",""30271097"",""24092792""]","[""5559570"",""42302563"",""50954680"",""82044280"",""44508094"",""30983281"",""93125329"",""5914858"",""60465049"",""74586817"",""90953320"",""22850702"",""33158448"",""78397661"",""87746184""]","[""102380"",""102380"",""84192580"",""94145021"",""94145021"",""24508238"",""24508238"",""18144507"",""33017964"",""33017964"",""25311006"",""24224830"",""84749824"",""84749824"",""41420027""]",1788016650,3 days ago,,,0,Elfnote  / Merida WCQ Regional Top 8,<p>Category: Tournament Meta Decks (TCG)</p><p>Tournament Meta Decks are current-level Meta Decks that are capable of going up against the best of the best. These are curated lists that cannot be uploaded by regular users.</p><p>Creator: Enrique Alvarado</p><p>Tournament: Merida WCQ Regional &ndash; August 29th 2026</p><p>Placement: Top 8</p>
730084,branded-light-and-darkness-ritual-730084,Branded Light and Darkness Ritual,45141013,154098,Tournament Meta Decks,"[""70405001"",""44001993"",""98684220"",""98684220"",""98684220"",""97462632"",""97462632"",""97462632"",""24088928"",""24088928"",""50073633"",""73819701"",""73819701"",""68468459"",""95515789"",""55273560"",""60303688"",""25451383"",""70088809"",""70088809"",""70088809"",""42141493"",""42141493"",""42141493"",""84192580"",""84192580"",""33599853"",""33599853"",""29948294"",""29948294"",""29948294"",""30271097"",""30271097"",""24461358"",""24461358"",""24461358"",""48130397"",""48130397"",""48130397"",""25311006"",""24224830"",""24749710"",""24749710""]","[""44508094"",""93125329"",""22850702"",""53971455"",""74405783"",""78397661"",""87746184"",""44146295"",""24915933"",""41373230"",""51409648"",""76666602"",""72272462"",""80843006"",""54757758""]","[""102380"",""102380"",""102380"",""84192580"",""94145021"",""94145021"",""18144507"",""2372506"",""45141013"",""45141013"",""45141013"",""15693423"",""15693423"",""41420027"",""96334243""]",1788016650,3 days ago,,,0,Branded Light and Darkness Ritual  / Merida WCQ Regional Top 4,<p>Category: Tournament Meta Decks (TCG)</p><p>Tournament Meta Decks are current-level Meta Decks that are capable of going up against the best of the best. These are curated lists that cannot be uploaded by regular users.</p><p>Creator: Victor Vicke</p><p>Tournament: Merida WCQ Regional &ndash; August 29th 2026</p><p>Placement: Top 4</p>
730085,galaxy-eyes-random-deck-730085,Galaxy-eyes random deck,94145021,324904,Non-Meta Decks,"[""94145021"",""46261704"",""59438930"",""14558127"",""14558127"",""73642296"",""73642296"",""67750322"",""67750322"",""73478096"",""73478096"",""73478096"",""47051709"",""47051709"",""47051709"",""93717133"",""93717133"",""65367484"",""65367484"",""43147039"",""43147039"",""89132148"",""89132148"",""89132148"",""97639441"",""97639441"",""62968263"",""62968263"",""45710945"",""45710945"",""46659709"",""46659709"",""46659709"",""863795"",""98555327"",""98555327"",""42141493"",""42141493"",""84192580"",""60242223"",""72656408"",""63941210"",""897409"",""897409"",""60222582"",""60222582"",""60222582"",""63956833"",""63956833"",""7477101"",""8038143"",""8038143"",""18294799"",""51786039"",""88774734"",""12580477"",""18144507"",""32807846"",""38120068"",""38120068""]","[""31801517"",""48348921"",""85747929"",""16643334"",""39030163"",""63767246"",""16110708"",""8165596"",""8165596"",""88177324"",""2530830"",""44698398"",""58069384"",""10443957"",""90448279""]","[""82135803"",""32991300"",""49867899"",""2463794"",""98567237"",""60764609"",""60764609"",""28803166"",""97651498"",""99330325"",""48770333"",""89693655"",""89693655"",""102380"",""102380""]",1788207450,19 hours ago,,,0,galaxy,"<p>A deck that's purpose is to spam out galaxy XYZ monsters, not really anything else</p>"
730086,nekroz-fairy-tail-730086,Nekroz Fairy Tail,58655504,154098,Tournament Meta Decks (Genesys),"[""86937530"",""86937530"",""86937530"",""55623480"",""19144622"",""19144622"",""40041559"",""40041559"",""40041559"",""875572"",""96228804"",""96228804"",""96228804"",""51618973"",""87003671"",""87003671"",""87003671"",""26674724"",""26674724"",""26674724"",""52846880"",""67750322"",""67750322"",""67750322"",""59438930"",""59438930"",""59438930"",""24508238"",""24508238"",""24508238"",""19326613"",""82119326"",""56725612"",""56725612"",""34041788"",""34041788"",""21501961"",""48130397"",""8267140"",""8267140"",""8267140""]","[""78021082"",""78021082"",""4026187"",""4026187"",""84433295"",""37260677"",""66532962"",""80843006"",""11765832"",""54757758"",""46772449"",""74689476"",""65301952"",""27632520"",""27632520""]","[""58655504"",""58655504"",""58655504"",""46565218"",""46565218"",""64697431"",""64697431"",""69279219"",""69279219"",""34694160"",""34694160"",""34694160"",""96004535"",""96004535"",""96004535""]",1788016650,3 days ago,1788265050,3 hours ago,0,Nekroz Fairy Tail  / Merida Genesys Regional Top 4,<p>Category: Tournament Meta Decks (Genesys)</p><p>Tournament Meta Decks are current-level Meta Decks that are capable of going up against the best of the best. These are curated lists that cannot be uploaded by regular users.</p><p>Creator: Jorge Zu&ntilde;iga</p><p>Tournament: Merida Genesys Regional &ndash; August 29th 2026</p><p>Placement: Top 4</p>
730087,genesis-ghoti-730087,Genesis Ghoti,72309040,162199,Non-Meta Decks,"[""35112613"",""1980574"",""1980574"",""46037983"",""46037983"",""46037983"",""73421698"",""76133574"",""76133574"",""99529628"",""99529628"",""99529628"",""60643553"",""52038441"",""52038441"",""52038441"",""27204311"",""27204311"",""46502744"",""46502744"",""46502744"",""89617515"",""89617515"",""89617515"",""3137279"",""57420265"",""12888461"",""12888461"",""68756810"",""39522887"",""39522887"",""26523337"",""26523337"",""26400609"",""55063751"",""75500286"",""8794055"",""8794055"",""8794055"",""45792753""]","[""48882106"",""65910922"",""44508094"",""5614808"",""5614808"",""30983281"",""46815301"",""46815301"",""96633955"",""40139997"",""72309040"",""72309040"",""93039339"",""29301450"",""98127546""]","[""12580477"",""12580477"",""12580477"",""54693926"",""54693926"",""54693926""]",1788207450,19 hours ago,,,0,Ghoti,<p>Fish goes brrrr</p>
730088,cygo-jiji-princesse-de-feu-730088,[CYGO] JIJI - Princesse de Feu,68007326,322325,Non-Meta Decks,"[""68007326"",""57579381"",""84080939"",""64752646"",""64752646"",""45985838"",""45985838"",""60806437"",""90810762"",""79575620"",""4266839"",""64306248"",""64306248"",""22567609"",""22567609"",""22567609"",""31560081"",""79571449"",""55144522"",""45311864"",""84257640"",""8842266"",""80161395"",""57182235"",""73915051"",""60764581"",""19384334"",""81439173"",""24094653"",""53129443"",""5318639"",""72302403"",""51481927"",""3136426"",""47233801"",""85742772"",""35346968"",""96355986"",""43250041"",""41420027"",""3819470"",""44095762""]","[""21175632""]","[""85802526"",""53530069"",""90925163"",""21297224"",""28933734"",""53046408"",""18937875"",""32268901"",""68073522"",""91740879"",""98299011"",""2130625"",""14318794"",""34002992"",""47060347""]",1788207450,19 hours ago,1788207450,19 hours ago,0,Princesse de feu,<p>Princesse de feu</p>
730089,branded-3rd-place-genesys-weekly-replays-730089,Branded (3rd Place) - Genesys Weekly (Replays),78397661,320120,Genesys Decks,"[""25451383"",""84031359"",""82489470"",""62962630"",""62962630"",""62962630"",""68468459"",""68468459"",""73819701"",""19304410"",""19304410"",""45484331"",""45484331"",""45484331"",""45883110"",""55273560"",""55273560"",""95515789"",""19096726"",""6498706"",""6498706"",""6498706"",""34995106"",""9175957"",""9175957"",""9175957"",""24299458"",""29948294"",""29948294"",""29948294"",""36637374"",""36637374"",""36637374"",""54261514"",""54261514"",""54261514"",""82738008"",""6763530"",""81767888"",""17751597""]","[""44146295"",""76666602"",""76666602"",""92892239"",""20366274"",""69946549"",""80843006"",""24915933"",""72272462"",""72578374"",""41373230"",""51409648"",""87746184"",""74405783"",""78397661""]","[""1761063"",""46565218"",""46565218"",""46565218"",""26084285"",""26084285"",""26084285"",""3410461"",""821049"",""53129443"",""53129443"",""8267140"",""8267140"",""8267140"",""18158393""]",1788207450,19 hours ago,,,0,"(MAMO) Branded - (Winner) - Genesys Weekly Tournament -  (Replays Below)  August 29th 2026, (47 Players), pilot:  Jericho","<p>(MAMO) Branded - (Winner) - Genesys Weekly Tournament -&nbsp; (Replays Below)&nbsp; August 29th 2026, (47 Players), pilot:&nbsp; Jericho<br /><a class=""anchor__14d82 anchorUnderlineOnHover__14d82"" tabindex=""0"" title=""https://docs.google.com/spreadsheets/d/1ehAk3OgU40gbaG7t93JLxIuieGsiKpYu-HgW7-raPKM/edit?usp=sharing"" role=""link"" target=""_blank"" rel=""noreferrer noopener"">https://docs.google.com/spreadsheets/d/1ehAk3OgU40gbaG7t93JLxIuieGsiKpYu-HgW7-raPKM/edit?usp=sharing</a></p>"
730090,burning-abyss-730090,Burning Abyss,57143342,154098,Tournament Meta Decks (Genesys),"[""20758643"",""20758643"",""20758643"",""57143342"",""57143342"",""57143342"",""36553319"",""36553319"",""62957424"",""62957424"",""84764038"",""84764038"",""73213494"",""73213494"",""47728740"",""81992475"",""734741"",""30068120"",""10802915"",""10802915"",""81035362"",""81035362"",""81035362"",""19000848"",""19000848"",""19000848"",""67750322"",""67750322"",""27204311"",""27204311"",""24508238"",""24508238"",""71593652"",""71593652"",""1475311"",""1475311"",""48130397"",""48130397"",""15693423"",""15693423""]","[""83531441"",""83531441"",""83531441"",""72167543"",""62709239"",""85252081"",""51497409"",""65305468"",""26973555"",""18386170"",""45409943"",""45409943"",""41209827"",""69946549"",""54757758""]","[""34267821"",""34267821"",""97940434"",""102380"",""102380"",""53129443"",""53129443"",""43898403"",""43898403"",""53582587"",""53582587"",""74003290"",""74003290"",""29549364"",""29549364""]",1788016650,3 days ago,,,0,Burning Abyss  / Merida Genesys Regional Top 8,<p>Category: Tournament Meta Decks (Genesys)</p><p>Tournament Meta Decks are current-level Meta Decks that are capable of going up against the best of the best. These are curated lists that cannot be uploaded by regular users.</p><p>Creator: Joel Caballero</p><p>Tournament: Merida Genesys Regional &ndash; August 29th 2026</p><p>Placement: Top 8</p>
730092,constellar-tellarknights-730092,Constellar Tellarknights,67169062,154098,Tournament Meta Decks (Genesys),"[""33302589"",""33302589"",""82913020"",""82913020"",""78358521"",""38667773"",""1050186"",""60700283"",""60700283"",""42822433"",""79210531"",""79210531"",""79210531"",""75878039"",""2273734"",""55697723"",""55697723"",""55697723"",""81096431"",""67972302"",""29726552"",""29726552"",""18205590"",""18205590"",""69678646"",""69678646"",""69678646"",""65236257"",""10125011"",""21501961"",""23153227"",""23153227"",""23153227"",""7477101"",""28958464"",""28958464"",""54693926"",""54693926"",""54693926"",""67169062""]","[""32289031"",""58858807"",""58858807"",""6195332"",""38495396"",""56638325"",""94380860"",""46772449"",""581014"",""16643334"",""45852939"",""2609443"",""86331741"",""41522092"",""88021907""]","[""28958464"",""69279219"",""12923641"",""12923641"",""12923641"",""53129443"",""53129443"",""53129443"",""96004535"",""96004535"",""96004535"",""41510920"",""41510920"",""41510920"",""9272381""]",1788016650,3 days ago,,,1,Constellar Tellarknights  / Merida Genesys Regional Top 4,<p>Category: Tournament Meta Decks (Genesys)</p><p>Tournament Meta Decks are current-level Meta Decks that are capable of going up against the best of the best. These are curated lists that cannot be uploaded by regular users.</p><p>Creator: Emmanuel Pech</p><p>Tournament: Merida Genesys Regional &ndash; August 29th 2026</p><p>Placement: Top 4</p>
730093,exodia-forbidden-no-more-730093,Exodia!!! (Forbidden No More),83257450,256719,Master Duel Decks,"[""23434538"",""33396948"",""70903634"",""7902349"",""8124921"",""44519536"",""54475145"",""54475145"",""54475145"",""1164211"",""1164211"",""1164211"",""38775407"",""38775407"",""38775407"",""37552929"",""37552929"",""43316238"",""43316238"",""43316238"",""37613663"",""37613663"",""37613663"",""38120068"",""38120068"",""38120068"",""70368879"",""70368879"",""70368879"",""67616300"",""67616300"",""67616300"",""1475311"",""33782437"",""35726888"",""402416"",""64043465"",""23617756"",""23617756"",""23617756""]","[""83257450"",""83257450"",""83257450""]",,1788207450,19 hours ago,1788207450,19 hours ago,0,exodia,<p>EXODIA!!! OBLITERATE!!!</p>
730095,labrynth-730095,Labrynth,33995387,154098,Tournament Meta Decks (Genesys),"[""2347656"",""73602965"",""73602965"",""73602965"",""1225009"",""75730490"",""37629703"",""37629703"",""37629703"",""74018812"",""74018812"",""74018812"",""60990740"",""60990740"",""60990740"",""9822220"",""33407125"",""49299410"",""33995387"",""33995387"",""4825390"",""4825390"",""64765016"",""64765016"",""63086455"",""63086455"",""82956214"",""82956214"",""6351147"",""6351147"",""80101899"",""80101899"",""80101899"",""25096909"",""25096909"",""25096909"",""5380979"",""5380979"",""92714517"",""92714517""]","[""55990317"",""1641882"",""80532587"",""86038337"",""1769875"",""69946549"",""9486959"",""3790062"",""44241999"",""78156759"",""46772449"",""359563"",""40673853"",""40673853"",""72444406""]","[""73355772"",""73355772"",""73355772"",""9822220"",""9822220"",""102380"",""102380"",""69895264"",""23924608"",""23924608"",""20899496"",""20899496"",""83319154"",""83319154"",""83319154""]",1788016650,3 days ago,1788239850,10 hours ago,0,Labrynth  / Merida Genesys Regional 1st Place,<p>Category: Tournament Meta Decks (Genesys)</p><p>Tournament Meta Decks are current-level Meta Decks that are capable of going up against the best of the best. These are curated lists that cannot be uploaded by regular users.</p><p>Creator: Alfredo Jose Zapata</p><p>Tournament: Merida Genesys Regional &ndash; August 29th 2026</p><p>Placement: 1st Place</p>
730096,snake-eye-infernoid-730096,Snake-Eye Infernoid,7337976,154098,Tournament Meta Decks (Genesys),"[""58446973"",""58446973"",""58446973"",""60551528"",""26034577"",""52038272"",""89423971"",""96055137"",""51316684"",""51316684"",""88301393"",""23440231"",""23440231"",""14799437"",""14799437"",""25811989"",""27260347"",""90241276"",""90241276"",""9674034"",""9674034"",""9674034"",""45663742"",""45663742"",""48452496"",""81035362"",""42141493"",""42141493"",""19000848"",""85106525"",""85106525"",""85106525"",""78748366"",""78748366"",""78748366"",""31444249"",""31444249"",""31444249"",""60830240"",""60830240"",""60830240"",""71593652"",""89023486"",""53639887"",""7337976"",""7337976"",""7337976"",""51697825"",""51697825"",""51697825"",""96235944"",""96235944"",""31548814"",""31548814"",""31548814""]","[""82734805"",""82734805"",""97051536"",""45409943"",""58071334"",""1769875"",""69601012"",""45445571"",""9940036"",""79415624"",""87188910"",""66698383"",""5800323"",""98506199"",""93125329""]","[""36956512"",""29726552"",""29726552"",""29726552"",""55063751"",""24081957"",""2263869"",""2263869"",""2263869"",""99330325"",""99330325"",""99330325"",""43898403"",""43898403"",""43898403""]",1788016650,3 days ago,,,0,Snake-Eye Infernoid  / Merida Genesys Regional Top 8,<p>Category: Tournament Meta Decks (Genesys)</p><p>Tournament Meta Decks are current-level Meta Decks that are capable of going up against the best of the best. These are curated lists that cannot be uploaded by regular users.</p><p>Creator: Marcos Perez</p><p>Tournament: Merida Genesys Regional &ndash; August 29th 2026</p><p>Placement: Top 8</p>
730097,rolad-chimera-4th-place-genesys-weekly-replays-730097,ROLAD Chimera (4th Place) - Genesys Weekly (Replays),33599853,320120,Genesys Decks,"[""44694191"",""68144894"",""68144894"",""68144894"",""24088928"",""24088928"",""24088928"",""53008933"",""88554436"",""28954097"",""28954097"",""28954097"",""67750322"",""67750322"",""67750322"",""23076639"",""23076639"",""23076639"",""81035362"",""36553319"",""19000848"",""19000848"",""10802915"",""10802915"",""10802915"",""66540884"",""14965712"",""14965712"",""46789706"",""97462632"",""70405001"",""44001993"",""71593652"",""73046708"",""33599853"",""63136489"",""63136489"",""82997779"",""5168381"",""39733924"",""87985506"",""24749710""]","[""45409943"",""45409943"",""43227"",""69946549"",""69601012"",""28143384"",""45445571"",""1639384"",""67630394"",""79559912"",""71100270"",""46014517"",""45935145"",""20145685"",""94151981""]","[""97940434"",""97940434"",""97940434"",""53129443"",""69162969"",""69162969"",""69162969"",""8267140"",""43898403"",""43898403"",""43898403"",""51706604"",""51706604"",""51706604"",""94423983""]",1788211050,18 hours ago,,,0,"(MAMO) ROLAD Chimera - (Winner) - Genesys Weekly Tournament -  (Replays Below)  August 29th 2026, (47 Players), pilot:  Brando","<p>(MAMO) ROLAD Chimera - (Winner) - Genesys Weekly Tournament -&nbsp; (Replays Below)&nbsp; August 29th 2026, (47 Players), pilot:&nbsp; Brando<br /><a class=""anchor__14d82 anchorUnderlineOnHover__14d82"" tabindex=""0"" title=""https://docs.google.com/spreadsheets/d/1ehAk3OgU40gbaG7t93JLxIuieGsiKpYu-HgW7-raPKM/edit?usp=sharing"" role=""link"" target=""_blank"" rel=""noreferrer noopener"">https://docs.google.com/spreadsheets/d/1ehAk3OgU40gbaG7t93JLxIuieGsiKpYu-HgW7-raPKM/edit?usp=sharing</a></p>"
730098,dragon-alado-de-ra-730098,Dragon alado de Ra,77432167,324914,Non-Meta Decks,"[""77432167"",""77432167"",""11587414"",""11587414"",""11587414"",""35480699"",""15771991"",""5318639"",""5318639"",""5318639"",""78665705"",""78665705"",""78665705"",""94145021"",""41044418"",""35480699"",""35480699"",""24299458"",""24299458"",""24299458"",""94145021"",""97268402"",""97268402"",""10000090"",""10000012"",""10000012"",""10000010"",""10000010"",""10000010"",""10000080"",""10000080"",""10000080"",""10000090"",""10000090"",""15771991"",""15771991"",""4059313"",""4059313"",""4059313"",""41044418"",""10949074"",""13140300"",""89189982""]","[""2857636"",""98127546"",""60303245"",""38342335"",""3814632"",""49032236"",""49032236"",""42166000"",""42166000"",""42166000""]",,1788211050,18 hours ago,1788221850,15 hours ago,0,El resplandor del dios del sol,"<p><a style=""box-sizing: inherit; -webkit-tap-highlight-color: rgba(0, 0, 0, 0); color: #0a87bb; transition: color 0.15s ease-out; font-family: 'Alegreya Sans', sans-serif; font-size: 16.8px; letter-spacing: 0.1px; background-color: #001b35;""><span dir=""auto"" style=""box-sizing: inherit; vertical-align: inherit;"">El resplandor del dios del sol</span></a></p>"
730099,turbo-rage-muka-muka-730099,Turbo Rage Muka Muka,91862578,321748,Goat Format Decks,"[""91862578"",""91862578"",""46657337"",""18036057"",""97017120"",""97017120"",""97017120"",""26202165"",""23205979"",""47606319"",""47606319"",""79575620"",""74131780"",""31786629"",""31786629"",""31786629"",""78658564"",""78658564"",""33508719"",""55144522"",""79571449"",""73915051"",""44763025"",""70368879"",""70368879"",""71044499"",""87910978"",""68005187"",""97169186"",""97169186"",""56594520"",""45986603"",""5318639"",""72302403"",""44095762"",""60082869"",""4178474"",""56120475"",""83968380"",""52503575""]",,"[""71544954"",""64697231"",""40133511"",""33184167"",""52323207"",""76305638"",""56120475"",""83986578"",""78658564"",""2694423"",""88240808"",""80161395"",""80161395"",""16956455"",""71413901""]",1788211050,18 hours ago,,,0,ygoprodeck.com,<p>An aggro deck bases on the power of Muka Muka</p>
730100,spright-purrely-730100,Spright Purrely,51822687,154098,Tournament Meta Decks (Genesys),"[""25550531"",""25550531"",""79933029"",""79933029"",""76145933"",""76145933"",""76145933"",""75922381"",""13533678"",""12500059"",""12500059"",""4939890"",""30328508"",""3717252"",""67750322"",""67750322"",""67750322"",""10000080"",""10000080"",""59438930"",""20212491"",""20212491"",""56700100"",""56700100"",""56700100"",""55584558"",""55584558"",""55584558"",""82105704"",""82105704"",""82105704"",""29599813"",""29599813"",""29599813"",""21347668"",""75493362"",""73594093"",""54693926"",""1372887"",""8267140"",""8267140"",""68250822"",""82983267"",""82983267""]","[""83827392"",""51822687"",""52645235"",""52645235"",""98049934"",""98049934"",""24434049"",""24434049"",""62592805"",""62592805"",""54191698"",""33909817"",""48608796"",""8491961"",""3790062""]","[""102380"",""102380"",""102380"",""1372887"",""1372887"",""11429811"",""11429811"",""11429811"",""63086455"",""63086455"",""33995387"",""33995387"",""33995387"",""29549364"",""29549364""]",1788016650,3 days ago,,,0,Spright Purrely  / Merida Genesys Regional 2nd Place,<p>Category: Tournament Meta Decks (Genesys)</p><p>Tournament Meta Decks are current-level Meta Decks that are capable of going up against the best of the best. These are curated lists that cannot be uploaded by regular users.</p><p>Creator: Efra&iacute;n Cruz</p><p>Tournament: Merida Genesys Regional &ndash; August 29th 2026</p><p>Placement: 2nd Place</p>
730103,yubel-fiendsmith-730103,yubel fiendsmith,90829280,324275,Non-Meta Decks,"[""90829280"",""90829280"",""78371393"",""4779091"",""62318994"",""62318994"",""62318994"",""24215921"",""24215921"",""81034083"",""81034083"",""81034083"",""60764609"",""60764609"",""60764609"",""28803166"",""97651498"",""41165831"",""14558127"",""14558127"",""14558127"",""94145021"",""94145021"",""93729896"",""93729896"",""93729896"",""65261141"",""65261141"",""80312545"",""80312545"",""80312545"",""98567237"",""24224830"",""24299458"",""24299458"",""24299458"",""80801743"",""10045474"",""10045474"",""10045474""]","[""80453041"",""47172959"",""82135803"",""46640168"",""93860227"",""2463794"",""49867899"",""32991300"",""24269961"",""67680512"",""71607202"",""29301450"",""79559912"",""101303084"",""70636044""]",,1788211050,18 hours ago,,,0,yubel fiendsmith,<p>good old yubel fiendsmith</p>
730106,deck-budget-lunalight-only-3-structures-730106,Deck Budget Lunalight Only 3 Structures,54701958,278920,Meta Decks,"[""8379983"",""8379983"",""8379983"",""11876803"",""11876803"",""11876803"",""35763582"",""35763582"",""11317977"",""11317977"",""35618217"",""35618217"",""50546208"",""14152693"",""83190280"",""47705572"",""87209160"",""87209160"",""87209160"",""42141493"",""42141493"",""42141493"",""84192580"",""84192580"",""84192580"",""57103969"",""57103969"",""57103969"",""2344618"",""2344618"",""2344618"",""48444114"",""48444114"",""58570206"",""58570206"",""58570206"",""24094653"",""24094653"",""87931906"",""81439173""]","[""54701958"",""54701958"",""54701958"",""24550676"",""24550676"",""24550676"",""81196066"",""81196066"",""88753594"",""96381979"",""50277355"",""8809344"",""65741786"",""29301450"",""86066372""]","[""14558127"",""14558127"",""14558127"",""97268402"",""97268402"",""97268402"",""94145021"",""94145021"",""10045474"",""10045474"",""10045474"",""24224830"",""25311006"",""35269904"",""65681983""]",1788211050,18 hours ago,,,0,🌙 “The Moon rises… and your end is near.”,"<p style=""margin: 0px 0px 12px; font-style: normal; font-variant-caps: normal; font-width: normal; font-size: 20px; line-height: normal; font-family: 'Times New Roman'; font-size-adjust: none; font-kerning: auto; font-variant-alternates: normal; font-variant-ligatures: normal; font-variant-numeric: normal; font-variant-east-asian: normal; font-variant-position: normal; font-variant-emoji: normal; font-feature-settings: normal; font-optical-sizing: auto; font-variation-settings: normal; -webkit-text-stroke-width: 0px; -webkit-text-stroke-color: #000000;""><span style=""font-kerning: none;"">This version of </span><span style=""font-family: TimesNewRomanPS-BoldMT; font-weight: bold; font-kerning: none;"">Lunalight</span><span style=""font-kerning: none;""> is built exclusively with </span><span style=""font-family: TimesNewRomanPS-BoldMT; font-weight: bold; font-kerning: none;"">3 copies of the Legendary Decks ARC-V</span><span style=""font-kerning: none;"">.</span></p><p style=""margin: 0px 0px 12px; font-style: normal; font-variant-caps: normal; font-width: normal; font-size: 20px; line-height: normal; font-family: 'Times New Roman'; font-size-adjust: none; font-kerning: auto; font-variant-alternates: normal; font-variant-ligatures: normal; font-variant-numeric: normal; font-variant-east-asian: normal; font-variant-position: normal; font-variant-emoji: normal; font-feature-settings: normal; font-optical-sizing: auto; font-variation-settings: normal; -webkit-text-stroke-width: 0px; -webkit-text-stroke-color: #000000;""><span style=""font-kerning: none;"">Although Lunalight finished in </span><span style=""font-family: TimesNewRomanPS-BoldMT; font-weight: bold; font-kerning: none;"">2nd place at the 2025 World Championship</span><span style=""font-kerning: none;"">, the archetype also received new support in the Legendary Decks ARC-V, notably with </span><span style=""font-family: TimesNewRomanPS-BoldMT; font-weight: bold; font-kerning: none;"">Lunalight Scarlet Tiger</span><span style=""font-kerning: none;"">.</span></p><p style=""margin: 0px 0px 12px; font-style: normal; font-variant-caps: normal; font-width: normal; font-size: 20px; line-height: normal; font-family: 'Times New Roman'; font-size-adjust: none; font-kerning: auto; font-variant-alternates: normal; font-variant-ligatures: normal; font-variant-numeric: normal; font-variant-east-asian: normal; font-variant-position: normal; font-variant-emoji: normal; font-feature-settings: normal; font-optical-sizing: auto; font-variation-settings: normal; -webkit-text-stroke-width: 0px; -webkit-text-stroke-color: #000000;""><span style=""font-kerning: none;"">This new card is extremely powerful: it not only allows us to extend our combos, but, more importantly, to continue them even after an opponent&rsquo;s interruption. It therefore gives the deck particularly impressive resilience against disruption.</span></p><p style=""margin: 0px 0px 12px; font-style: normal; font-variant-caps: normal; font-width: normal; font-size: 20px; line-height: normal; font-family: 'Times New Roman'; font-size-adjust: none; font-kerning: auto; font-variant-alternates: normal; font-variant-ligatures: normal; font-variant-numeric: normal; font-variant-east-asian: normal; font-variant-position: normal; font-variant-emoji: normal; font-feature-settings: normal; font-optical-sizing: auto; font-variation-settings: normal; -webkit-text-stroke-width: 0px; -webkit-text-stroke-color: #000000;""><span style=""font-family: TimesNewRomanPS-BoldMT; font-weight: bold; font-kerning: none;"">Tri-Brigade Fraktall</span><span style=""font-kerning: none;"">, although it is not part of the Lunalight archetype, also fits very well into the strategy. When necessary, it can allow us to start our combos or continue them after an opponent&rsquo;s interruption. Together with </span><span style=""font-family: TimesNewRomanPS-BoldMT; font-weight: bold; font-kerning: none;"">Lunalight Scarlet Tiger</span><span style=""font-kerning: none;"">, these two engines provide the deck with additional resilience, allowing it to play through numerous interactions and still end on a particularly strong board despite the opponent&rsquo;s attempts to disrupt us.</span></p><p style=""margin: 0px 0px 12px; font-style: normal; font-variant-caps: normal; font-width: normal; font-size: 20px; line-height: normal; font-family: 'Times New Roman'; font-size-adjust: none; font-kerning: auto; font-variant-alternates: normal; font-variant-ligatures: normal; font-variant-numeric: normal; font-variant-east-asian: normal; font-variant-position: normal; font-variant-emoji: normal; font-feature-settings: normal; font-optical-sizing: auto; font-variation-settings: normal; -webkit-text-stroke-width: 0px; -webkit-text-stroke-color: #000000;""><span style=""font-kerning: none;"">The Legendary Decks ARC-V also contain the </span><span style=""font-family: TimesNewRomanPS-BoldMT; font-weight: bold; font-kerning: none;"">entire Lunalight engine</span><span style=""font-kerning: none;"">, allowing access to the archetype&rsquo;s full strategy with only </span><span style=""font-family: TimesNewRomanPS-BoldMT; font-weight: bold; font-kerning: none;"">3 copies of the product</span><span style=""font-kerning: none;"">.</span></p><p style=""margin: 0px 0px 12px; font-style: normal; font-variant-caps: normal; font-width: normal; font-size: 20px; line-height: normal; font-family: 'Times New Roman'; font-size-adjust: none; font-kerning: auto; font-variant-alternates: normal; font-variant-ligatures: normal; font-variant-numeric: normal; font-variant-east-asian: normal; font-variant-position: normal; font-variant-emoji: normal; font-feature-settings: normal; font-optical-sizing: auto; font-variation-settings: normal; -webkit-text-stroke-width: 0px; -webkit-text-stroke-color: #000000;""><span style=""font-kerning: none;"">The deck&rsquo;s main objective is to Fusion Summon </span><span style=""font-family: TimesNewRomanPS-BoldMT; font-weight: bold; font-kerning: none;"">Lunalight Liger Dancer</span><span style=""font-kerning: none;"">, our true boss monster. Thanks to the new support, it is now possible to end the turn with </span><span style=""font-family: TimesNewRomanPS-BoldMT; font-weight: bold; font-kerning: none;"">up to 3 copies of Lunalight Liger Dancer</span><span style=""font-kerning: none;""> on the field, along with </span><span style=""font-family: TimesNewRomanPS-BoldMT; font-weight: bold; font-kerning: none;"">S:P Little Knight</span><span style=""font-kerning: none;"">, creating an extremely difficult board for the opponent to break.</span></p><p style=""margin: 0px 0px 12px; font-style: normal; font-variant-caps: normal; font-width: normal; font-size: 20px; line-height: normal; font-family: 'Times New Roman'; font-size-adjust: none; font-kerning: auto; font-variant-alternates: normal; font-variant-ligatures: normal; font-variant-numeric: normal; font-variant-east-asian: normal; font-variant-position: normal; font-variant-emoji: normal; font-feature-settings: normal; font-optical-sizing: auto; font-variation-settings: normal; -webkit-text-stroke-width: 0px; -webkit-text-stroke-color: #000000;""><span style=""font-kerning: none;"">Lunalight Liger Dancer has </span><span style=""font-family: TimesNewRomanPS-BoldMT; font-weight: bold; font-kerning: none;"">3800 ATK</span><span style=""font-kerning: none;""> and is unaffected by the effects of cards that are not &ldquo;Lunalight&rdquo; cards. It is therefore particularly difficult to deal with, both through card effects and by battle. Its effect that destroys Special Summoned monsters controlled by the opponent also has a soft once-per-turn restriction: each copy of Lunalight Liger Dancer can use this effect once per turn. Therefore, if several Lunalight Liger Dancers are present on the field, each of them can use its effect, allowing us to generate multiple destructions and making the board even more difficult to deal with.</span></p><p style=""margin: 0px 0px 12px; font-style: normal; font-variant-caps: normal; font-width: normal; font-size: 20px; line-height: normal; font-family: 'Times New Roman'; font-size-adjust: none; font-kerning: auto; font-variant-alternates: normal; font-variant-ligatures: normal; font-variant-numeric: normal; font-variant-east-asian: normal; font-variant-position: normal; font-variant-emoji: normal; font-feature-settings: normal; font-optical-sizing: auto; font-variation-settings: normal; -webkit-text-stroke-width: 0px; -webkit-text-stroke-color: #000000;""><span style=""font-kerning: none;"">Lunalight is a </span><span style=""font-family: TimesNewRomanPS-BoldMT; font-weight: bold; font-kerning: none;"">combo deck</span><span style=""font-kerning: none;""> that makes extensive use of its cards&rsquo; effects when they end up in the Graveyard. </span><span style=""font-family: TimesNewRomanPS-BoldMT; font-weight: bold; font-kerning: none;"">Lunalight Kaleido Chick</span><span style=""font-kerning: none;""> notably allows us to send cards from the Deck or Extra Deck to the Graveyard in order to prepare different effects and access new combo lines. Its effect also has a soft once-per-turn restriction, which allows us to take advantage of it multiple times during the same turn by Special Summoning it again or bringing it back to the field. This allows the deck to quickly fill the Graveyard and chain together its combos.</span></p><p style=""margin: 0px 0px 12px; font-style: normal; font-variant-caps: normal; font-width: normal; font-size: 20px; line-height: normal; font-family: 'Times New Roman'; font-size-adjust: none; font-kerning: auto; font-variant-alternates: normal; font-variant-ligatures: normal; font-variant-numeric: normal; font-variant-east-asian: normal; font-variant-position: normal; font-variant-emoji: normal; font-feature-settings: normal; font-optical-sizing: auto; font-variation-settings: normal; -webkit-text-stroke-width: 0px; -webkit-text-stroke-color: #000000;""><span style=""font-kerning: none;"">Most Lunalight cards have particularly interesting effects when they are sent to the Graveyard, allowing the deck to turn the resources used during its combos into new possibilities for further plays.</span></p><p style=""margin: 0px 0px 12px; font-style: normal; font-variant-caps: normal; font-width: normal; font-size: 20px; line-height: normal; font-family: 'Times New Roman'; font-size-adjust: none; font-kerning: auto; font-variant-alternates: normal; font-variant-ligatures: normal; font-variant-numeric: normal; font-variant-east-asian: normal; font-variant-position: normal; font-variant-emoji: normal; font-feature-settings: normal; font-optical-sizing: auto; font-variation-settings: normal; -webkit-text-stroke-width: 0px; -webkit-text-stroke-color: #000000;""><span style=""font-family: TimesNewRomanPS-BoldMT; font-weight: bold; font-kerning: none;"">Lunalight Gold Leo</span><span style=""font-kerning: none;""> is the deck&rsquo;s main starter. On its own, it allows us to start a large number of combos and can lead to a board that is extremely difficult for the opponent to deal with.</span></p><p style=""margin: 0px 0px 12px; font-style: normal; font-variant-caps: normal; font-width: normal; font-size: 20px; line-height: normal; font-family: 'Times New Roman'; font-size-adjust: none; font-kerning: auto; font-variant-alternates: normal; font-variant-ligatures: normal; font-variant-numeric: normal; font-variant-east-asian: normal; font-variant-position: normal; font-variant-emoji: normal; font-feature-settings: normal; font-optical-sizing: auto; font-variation-settings: normal; -webkit-text-stroke-width: 0px; -webkit-text-stroke-color: #000000;""><span style=""font-kerning: none;"">The deck also offers a very large number of ways to start its combos, making truly dead hands extremely rare. This multitude of starters and extenders gives the deck particularly appreciated stability and consistency.</span></p><p style=""margin: 0px 0px 12px; font-style: normal; font-variant-caps: normal; font-width: normal; font-size: 20px; line-height: normal; font-family: 'Times New Roman'; font-size-adjust: none; font-kerning: auto; font-variant-alternates: normal; font-variant-ligatures: normal; font-variant-numeric: normal; font-variant-east-asian: normal; font-variant-position: normal; font-variant-emoji: normal; font-feature-settings: normal; font-optical-sizing: auto; font-variation-settings: normal; -webkit-text-stroke-width: 0px; -webkit-text-stroke-color: #000000;""><span style=""font-kerning: none;"">Since the Lunalight engine is already quite large and takes up a significant portion of the available deck space, we prioritize essential cards and cards that provide high value to complete the list, such as </span><span style=""font-family: TimesNewRomanPS-BoldMT; font-weight: bold; font-kerning: none;"">Fuwalos</span><span style=""font-kerning: none;"">, in order to maintain maximum efficiency without overloading the deck.</span></p><p style=""margin: 0px 0px 12px; font-style: normal; font-variant-caps: normal; font-width: normal; font-size: 20px; line-height: normal; font-family: 'Times New Roman'; font-size-adjust: none; font-kerning: auto; font-variant-alternates: normal; font-variant-ligatures: normal; font-variant-numeric: normal; font-variant-east-asian: normal; font-variant-position: normal; font-variant-emoji: normal; font-feature-settings: normal; font-optical-sizing: auto; font-variation-settings: normal; -webkit-text-stroke-width: 0px; -webkit-text-stroke-color: #000000;""><span style=""font-kerning: none;"">The deck does, however, have a few weaknesses. In particular, it needs to add many cards to the hand during its combos, making it vulnerable to cards such as </span><span style=""font-family: TimesNewRomanPS-BoldMT; font-weight: bold; font-kerning: none;"">Droll &amp; Lock Bird</span><span style=""font-kerning: none;"">. Despite this, it is still possible to establish a decent board even under Droll &amp; Lock Bird.</span></p><p style=""margin: 0px 0px 12px; font-style: normal; font-variant-caps: normal; font-width: normal; font-size: 20px; line-height: normal; font-family: 'Times New Roman'; font-size-adjust: none; font-kerning: auto; font-variant-alternates: normal; font-variant-ligatures: normal; font-variant-numeric: normal; font-variant-east-asian: normal; font-variant-position: normal; font-variant-emoji: normal; font-feature-settings: normal; font-optical-sizing: auto; font-variation-settings: normal; -webkit-text-stroke-width: 0px; -webkit-text-stroke-color: #000000;""><span style=""font-kerning: none;"">Cards that disrupt the </span><span style=""font-family: TimesNewRomanPS-BoldMT; font-weight: bold; font-kerning: none;"">Graveyard</span><span style=""font-kerning: none;""> also represent a significant problem, since the Lunalight strategy relies heavily on using and recycling its resources from the Graveyard.</span></p><p style=""margin: 0px 0px 12px; font-style: normal; font-variant-caps: normal; font-width: normal; font-size: 20px; line-height: normal; font-family: 'Times New Roman'; font-size-adjust: none; font-kerning: auto; font-variant-alternates: normal; font-variant-ligatures: normal; font-variant-numeric: normal; font-variant-east-asian: normal; font-variant-position: normal; font-variant-emoji: normal; font-feature-settings: normal; font-optical-sizing: auto; font-variation-settings: normal; -webkit-text-stroke-width: 0px; -webkit-text-stroke-color: #000000;""><span style=""font-kerning: none;"">The decklist presented here is a </span><span style=""font-family: TimesNewRomanPS-BoldMT; font-weight: bold; font-kerning: none;"">genuinely competitive decklist</span><span style=""font-kerning: none;"">. Even though some small staples are not available in the Legendary Decks ARC-V, this version can already achieve good results at </span><span style=""font-family: TimesNewRomanPS-BoldMT; font-weight: bold; font-kerning: none;"">local or regional tournaments</span><span style=""font-kerning: none;"">. It is also an excellent foundation for learning the Lunalight strategy and improving your skills with the archetype. With a few modifications and the addition of certain key cards, it is possible to optimize the decklist further in order to obtain a fully competitive version capable of competing with the </span><span style=""font-family: TimesNewRomanPS-BoldMT; font-weight: bold; font-kerning: none;"">Meta</span><span style=""font-kerning: none;"">.</span></p><p style=""margin: 0px 0px 12px; font-style: normal; font-variant-caps: normal; font-width: normal; font-size: 20px; line-height: normal; font-family: 'Times New Roman'; font-size-adjust: none; font-kerning: auto; font-variant-alternates: normal; font-variant-ligatures: normal; font-variant-numeric: normal; font-variant-east-asian: normal; font-variant-position: normal; font-variant-emoji: normal; font-feature-settings: normal; font-optical-sizing: auto; font-variation-settings: normal; -webkit-text-stroke-width: 0px; -webkit-text-stroke-color: #000000;""><span style=""font-kerning: none;"">Overall, Lunalight is an </span><span style=""font-family: TimesNewRomanPS-BoldMT; font-weight: bold; font-kerning: none;"">explosive combo deck</span><span style=""font-kerning: none;"">, but also particularly resilient thanks to its new support. With its ability to play through interruptions and build an extremely difficult board to break, the archetype remains an excellent option for players who enjoy </span><span style=""font-family: TimesNewRomanPS-BoldMT; font-weight: bold; font-kerning: none;"">Fusion decks and combo strategies</span><span style=""font-kerning: none;"">.</span></p><p style=""margin: 0px 0px 12px; font-style: normal; font-variant-caps: normal; font-width: normal; font-size: 20px; line-height: normal; font-family: 'Times New Roman'; font-size-adjust: none; font-kerning: auto; font-variant-alternates: normal; font-variant-ligatures: normal; font-variant-numeric: normal; font-variant-east-asian: normal; font-variant-position: normal; font-variant-emoji: normal; font-feature-settings: normal; font-optical-sizing: auto; font-variation-settings: normal; -webkit-text-stroke-width: 0px; -webkit-text-stroke-color: #000000;""><span style=""font-kerning: none;"">The decklist presented here is therefore both an excellent foundation for discovering and mastering Lunalight, while also being competitive enough to aim for good results at local or regional tournaments. With a few improvements, it can evolve into a </span><span style=""font-family: TimesNewRomanPS-BoldMT; font-weight: bold; font-kerning: none;"">truly Meta-competitive version</span><span style=""font-kerning: none;"">.</span></p><p style=""margin: 0px 0px 12px; font-style: normal; font-variant-caps: normal; font-width: normal; font-size: 20px; line-height: normal; font-family: 'Times New Roman'; font-size-adjust: none; font-kerning: auto; font-variant-alternates: normal; font-variant-ligatures: normal; font-variant-numeric: normal; font-variant-east-asian: normal; font-variant-position: normal; font-variant-emoji: normal; font-feature-settings: normal; font-optical-sizing: auto; font-variation-settings: normal; -webkit-text-stroke-width: 0px; -webkit-text-stroke-color: #000000;""><span style=""font-kerning: none;"">🎥 </span><span style=""font-family: TimesNewRomanPS-BoldMT; font-weight: bold; font-kerning: none;"">Deck Profile: </span></p><p style=""margin: 0px 0px 12px; font-style: normal; font-variant-caps: normal; font-width: normal; font-size: 20px; line-height: normal; font-family: 'Times New Roman'; font-size-adjust: none; font-kerning: auto; font-variant-alternates: normal; font-variant-ligatures: normal; font-variant-numeric: normal; font-variant-east-asian: normal; font-variant-position: normal; font-variant-emoji: normal; font-feature-settings: normal; font-optical-sizing: auto; font-variation-settings: normal; -webkit-text-stroke-width: 0px; -webkit-text-stroke-color: #000000;""><a rel=""nofollow"" href=""https://youtu.be/2oSt6IC-Of0"">https://youtu.be/2oSt6IC-Of0</a>&nbsp;</p><p style=""margin: 0px 0px 12px; font-style: normal; font-variant-caps: normal; font-width: normal; font-size: 20px; line-height: normal; font-family: 'Times New Roman'; font-size-adjust: none; font-kerning: auto; font-variant-alternates: normal; font-variant-ligatures: normal; font-variant-numeric: normal; font-variant-east-asian: normal; font-variant-position: normal; font-variant-emoji: normal; font-feature-settings: normal; font-optical-sizing: auto; font-variation-settings: normal; -webkit-text-stroke-width: 0px; -webkit-text-stroke-color: #000000;""><span style=""font-kerning: none;"">🎬 </span><span style=""font-family: TimesNewRomanPS-BoldMT; font-weight: bold; font-kerning: none;"">Combo Video:<br /></span><a rel=""nofollow"" href=""https://youtu.be/JnE5rvGUNxk"">https://youtu.be/JnE5rvGUNxk</a>&nbsp;</p><p><span style=""font-kerning: none;"">&nbsp;</span></p>"
730107,ashtra-traps-730107,Ashtra Traps,38331244,133894,Non-Meta Decks,"[""38331244"",""38331244"",""38331244"",""65325949"",""1710647"",""1710647"",""1710647"",""38114652"",""38114652"",""38114652"",""91800273"",""12975671"",""12975671"",""73628505"",""25311006"",""35269904"",""35269904"",""35269904"",""17782288"",""2906939"",""2906939"",""80565021"",""80565021"",""80565021"",""91444835"",""37839434"",""37839434"",""64455720"",""42091632"",""42091632"",""42091632"",""10045474"",""10045474"",""58053438"",""58053438"",""58053438"",""49299410"",""49299410"",""49299410"",""78114463"",""78114463"",""78114463""]","[""42410161"",""17020474"",""17020474"",""31114334"",""92519087"",""9464441"",""28904860"",""28904860"",""43419178"",""43419178"",""55393975"",""81797573"",""8165596"",""29301450"",""65741786""]","[""10000080"",""10000080"",""10000080"",""42141493"",""42141493"",""42141493"",""84192580"",""84192580"",""31849106"",""15693423"",""15693423"",""15693423"",""41420027"",""84749824"",""84749824""]",1788211050,18 hours ago,,,0,Ashtra Traps,<p>Ashtra Traps</p>
730108,dragunity-730108,Dragunity,62265044,246852,Domain Format Decks,"[""58153103"",""53184342"",""88264978"",""12197223"",""36956512"",""63487632"",""32731036"",""94141712"",""70088809"",""89399912"",""33854624"",""876330"",""21546416"",""18060565"",""88361177"",""89172051"",""81661951"",""14785765"",""28183605"",""71645463"",""42141493"",""52977572"",""54578613"",""13361027"",""69975751"",""8039562"",""80549379"",""25988873"",""36870345"",""29253591"",""26577155"",""59755122"",""30765615"",""99594764"",""54455664"",""81962318"",""99659159"",""52962804"",""60004971"",""62265044"",""7917970"",""25845518"",""42703248"",""75500286"",""79571449"",""18144507"",""83764719"",""67169062"",""55144522"",""98476659"",""12580477"",""54447022"",""88901994"",""73628505"",""35480699"",""89450409"",""60306277"",""51849216"",""28927782"",""10045474""]","[""63436931"",""27572350"",""88234821"",""48891960"",""59765225"",""50954680"",""34528176"",""25682811"",""34116027"",""12496261"",""70522875"",""11969228"",""13143275"",""49725936"",""24361622""]","[""92868896""]",1788211050,18 hours ago,1788232650,12 hours ago,0,Dragunity,<p>Dragunity</p>
730109,swordsoul-genesys-730109,Swordsoul Genesys,96633955,319825,Genesys Decks,"[""20001443"",""20001443"",""20001443"",""93490856"",""93490856"",""93490856"",""56495147"",""56495147"",""62849088"",""56465981"",""56465981"",""56465981"",""93850690"",""93850690"",""14821890"",""87052196"",""87052196"",""87052196"",""23431858"",""23431858"",""98159737"",""98159737"",""51684157"",""51684157"",""55273560"",""55273560"",""55273560"",""68468459"",""19271881"",""67750322"",""67750322"",""67750322"",""35405755"",""35405755"",""35405755"",""30765615"",""30765615"",""39973386"",""39973386"",""39973386""]","[""41373230"",""87746184"",""44146295"",""44146295"",""22850702"",""86682165"",""96633955"",""47710198"",""83755611"",""43202238"",""5614808"",""50954680"",""5041348"",""69248256"",""69248256""]",,1788211050,18 hours ago,1788214650,17 hours ago,0,Swordsoul Genesys,<p>An actual usable swordsoul deck for genesys&nbsp;</p>
730110,fire-king-jurrac-730110,Fire King Jurrac,44455560,277756,Non-Meta Decks,"[""44455560"",""44455560"",""44455560"",""90681088"",""90681088"",""90681088"",""23015896"",""66431519"",""66431519"",""2526224"",""2526224"",""2526224"",""18621798"",""54149433"",""65305978"",""65305978"",""57554544"",""91703676"",""91703676"",""93332803"",""93332803"",""93170499"",""93170499"",""93170499"",""38572779"",""67523044"",""47325505"",""47325505"",""97268402"",""97268402"",""14558127"",""14558127"",""14558127"",""73642296"",""73642296"",""27204311"",""27204311"",""10045474"",""10045474"",""24224830""]","[""64182380"",""64182380"",""52553102"",""52553102"",""17548456"",""17548456"",""37880706"",""48815792"",""48815792"",""2772337"",""2772337"",""20665527"",""29301450"",""9940036"",""30741334""]","[""57554544"",""59388357"",""96594609"",""54149433"",""8264361"",""87871125"",""47759571"",""60303245""]",1788211050,18 hours ago,,,0,FK J,<p>Fire King Jurrac</p>
730111,phantom-knights-730111,Phantom Knights,90432163,321345,Fun/Casual Decks,"[""90432163"",""90432163"",""90432163"",""46072770"",""46072770"",""46072770"",""36426778"",""36426778"",""36426778"",""25538345"",""25538345"",""25538345"",""83566725"",""83566725"",""36704180"",""63821877"",""88544390"",""14558127"",""14558127"",""14558127"",""97268402"",""97268402"",""94145021"",""94145021"",""10802915"",""19000848"",""81035362"",""57143342"",""20758643"",""36553319"",""84764038"",""81992475"",""71593652"",""67169062"",""25311006"",""24299458"",""81439173"",""62104532"",""10045474"",""10045474"",""25542642"",""25542642"",""25542642"",""62645025"",""62645025"",""62645025"",""61936647"",""61936647"",""98827725"",""98827725"",""9336190"",""98431356"",""85257384""]","[""26692769"",""26692769"",""58699500"",""86066372"",""45409943"",""18386170"",""62709239"",""62709239"",""78449284"",""78449284"",""83531441"",""95992081"",""16195942"",""28781003"",""64276752""]",,1788211050,18 hours ago,1788221850,15 hours ago,0,Pk Fire,<p>Phantom Knights/Burning Abyss deck.&nbsp;</p>
730112,fairy-tail-shaddoll-730112,Fairy Tail Shaddoll,86937530,324912,Meta Decks,"[""86937530"",""86937530"",""86937530"",""19144622"",""19144622"",""19144622"",""40041559"",""40041559"",""65953423"",""42921475"",""55623480"",""71074418"",""96228804"",""96228804"",""51023024"",""77723643"",""30328508"",""37445295"",""14558127"",""14558127"",""14558127"",""94145021"",""94145021"",""56725612"",""56725612"",""56725612"",""82119326"",""82119326"",""82119326"",""19326613"",""91957038"",""61345801"",""34950192"",""44394295"",""44394295"",""44394295"",""60439482"",""60439482"",""34041788"",""14087893"",""14087893"",""1845204"",""73628505"",""24224830"",""81439173"",""25311006"",""35269904"",""21011044""]","[""32467459"",""20366274"",""50907446"",""94977269"",""4026187"",""4026187"",""78021082"",""78021082"",""7594154"",""27519978"",""61665245"",""45819647"",""86938484"",""27632520"",""27632520""]",,1788214650,17 hours ago,,,0,💖,<p>Magical Girls&nbsp;</p>
730114,goat-nimble-germ-730114,Goat Nimble Germ,22567609,250581,Non-Meta Decks,"[""40133511"",""72989439"",""71413901"",""40737112"",""95178994"",""95178994"",""95178994"",""24317029"",""24317029"",""24317029"",""22567609"",""22567609"",""22567609"",""26202165"",""8131171"",""31786629"",""31786629"",""31786629"",""33184167"",""14087893"",""14087893"",""72892473"",""31036355"",""31036355"",""44763025"",""23557835"",""79571449"",""19613556"",""69162969"",""5318639"",""71044499"",""71044499"",""55144522"",""70828912"",""45986603"",""70368879"",""70368879"",""51452091"",""51452091"",""51452091""]","[""80071763"",""86805855"",""17881964"",""66235877"",""58528964"",""87751584"",""87751584"",""13756293"",""27134689"",""85684223"",""49868263"",""86099788"",""63519819"",""63519819"",""63519819""]","[""69015963"",""11021521"",""46411259"",""46411259"",""37520316"",""80161395"",""80161395"",""80161395"",""73915051"",""73915051"",""57182235"",""44095762"",""83555667"",""36361633"",""53582587""]",1788214650,17 hours ago,,,0,Nimble Momonga and Giant Germ,<p>Nimble Momonga and Giant Germ and DMOC. Also speels and royal decreees.</p>
730115,goat-machine-turbo-will-730115,Goat Machine Turbo Will,77585513,250581,Non-Meta Decks,"[""25551951"",""95727991"",""69015963"",""69015963"",""40737112"",""51632798"",""51632798"",""77585513"",""79875176"",""42703248"",""42703248"",""42703248"",""79571449"",""19613556"",""85602018"",""85602018"",""85602018"",""23171610"",""23171610"",""23171610"",""46411259"",""46411259"",""46411259"",""37520316"",""37520316"",""43040603"",""43040603"",""43040603"",""5318639"",""55144522"",""70828912"",""58577036"",""58577036"",""58577036"",""73915051"",""73915051"",""73915051"",""89997728"",""89997728"",""89997728""]","[""80071763"",""86805855"",""17881964"",""58528964"",""87751584"",""87751584"",""13756293"",""99551425"",""27134689"",""85684223"",""49868263"",""86099788"",""63519819"",""63519819"",""54752875""]","[""17597059"",""11021521"",""11021521"",""11021521"",""84636823"",""14087893"",""80161395"",""80161395"",""80161395"",""57182235"",""57182235"",""83555667"",""51452091"",""51452091"",""51452091""]",1788214650,17 hours ago,,,0,"Last will, reasoning gate, machines.","<p><strong>Last will, reasoning gate, machines.</strong></p>"
730116,mako-umi-730116,Mako Umi,3643300,310152,Non-Meta Decks,"[""3643300"",""10485110"",""37721209"",""37721209"",""24128274"",""24435369"",""64342551"",""18318842"",""33184167"",""8131171"",""32393580"",""8078366"",""42463414"",""81306586"",""57839750"",""57839750"",""57839750"",""93920745"",""26202165"",""51534754"",""51534754"",""295517"",""295517"",""295517"",""73628505"",""22819092"",""96947648"",""96947648"",""53582587"",""41420027"",""97077563"",""56120475"",""56120475"",""55144522"",""70828912"",""72302403"",""53129443"",""19613556"",""5318639"",""44095762""]","[""27134689"",""87751584"",""54752875"",""86099788"",""49868263"",""80071763"",""85684223"",""17881964"",""70681994"",""63519819"",""63519819"",""63519819""]","[""84636823"",""84636823"",""84636823"",""88240808"",""88240808"",""88240808"",""3136426"",""3136426"",""71044499"",""71044499"",""85742772"",""85742772"",""56120475"",""45986603""]",1788214650,17 hours ago,,,0,#Mako Umi,<p>Deck Mako Umi&nbsp;</p>
730118,zane-truesdale-730118,Zane Truesdale,70095154,310152,Non-Meta Decks,"[""70095154"",""70095154"",""70095154"",""26439287"",""26439287"",""33093439"",""4162088"",""68774379"",""59281922"",""5373478"",""3370104"",""29975188"",""67159705"",""76986005"",""30042158"",""35050257"",""35050257"",""35050257"",""3657444"",""55704856"",""37630732"",""77565204"",""3659803"",""84797028"",""60600126"",""86686671"",""33041277"",""32768230"",""12670770"",""92773018"",""82428674"",""56120475"",""41420027"",""55144522"",""83764719"",""72302403"",""53129443"",""19613556"",""5318639"",""44095762""]","[""1546123"",""74157028"",""30275298"",""82315403"",""87116928"",""64599569"",""79229522"",""84058253""]","[""18891691"",""7369217"",""87564935"",""39890958"",""23265594"",""73148972"",""73026394"",""89719143"",""10537981"",""46031686"",""45064756"",""76403456"",""84797028"",""84797028""]",1788214650,17 hours ago,,,0,#Zane Truesdale,<p>Deck Zane Truesdale</p>
730122,s1-bandit-keith-machine-730122,S1 - Bandit Keith - Machine,7359741,323477,Anime Decks,"[""7359741"",""44203504"",""2311603"",""29172562"",""38445524"",""3797883"",""87322377"",""48094997"",""66927994"",""34743446"",""81480461"",""25551951"",""2851070"",""18891691"",""70050374"",""26302522"",""87621407"",""99050989"",""46303688"",""23265594"",""11384280"",""79853073"",""67048711"",""86198326"",""5318639"",""19613556"",""12580477"",""55144522"",""79571449"",""83764719"",""23171610"",""44763025"",""17375316"",""63102017"",""12503902"",""14315573"",""56120475"",""83555666"",""4178474"",""77754944""]",,"[""67048711"",""67048711"",""86198326"",""86198326""]",1788218250,16 hours ago,1788218250,16 hours ago,0,Changed Anime Decks,"<p>Bandit Keith deck had nothing in the anime; except Vanilla monster.</p><p>He was portraied as a champion who cheets (therefore cards in the Side Deck/in his sleeves), but his cards had no rhyme or reason and there was nothing interesting there, So I replaced everything with different Machine monster. Its a rushdown Machine deck.</p>"
730123,s1-pegasus-toons-730123,S1 - Pegasus - Toons,64631466,323477,Anime Decks,"[""64631466"",""27125110"",""28711704"",""21296502"",""90960358"",""53183600"",""31733941"",""91842653"",""15270885"",""42386471"",""65458948"",""79875176"",""16392422"",""64116319"",""95492061"",""26202165"",""78010363"",""25789292"",""27243130"",""54773234"",""55144522"",""18144507"",""12580477"",""83764719"",""43175858"",""43175858"",""43175858"",""91500017"",""89997728"",""89997728"",""89997728"",""73628505"",""33453260"",""41426869"",""24094653"",""5832914"",""79447365"",""43509019"",""84749824"",""40605147"",""41420027""]","[""63519819"",""53539634""]",,1788218250,16 hours ago,,,0,Changed Anime Decks,"<p>As the Creator of Yugioh Pegasus should have a fully customised deck. As a downside it should not change much over the seasons, as he already custom made his deck.</p><p>Especially for the final boss having all other boss monster as Collection is somewhat intimidating. He would not need other millenium eyes monster as it was really his artefact that cheated and not his cards.</p>"
730124,genesys-ashtra-brew-730124,Genesys Ashtra brew,38331244,117574,Genesys Decks,"[""38331244"",""38331244"",""38331244"",""65325949"",""65325949"",""65325949"",""1710647"",""1710647"",""1710647"",""38114652"",""38114652"",""38114652"",""94392192"",""94392192"",""94392192"",""84192580"",""84192580"",""84192580"",""73642296"",""59438930"",""59438930"",""59438930"",""12580477"",""12580477"",""12580477"",""8267140"",""25789292"",""2906939"",""2906939"",""2906939"",""30748475"",""64455720"",""64455720"",""64455720"",""91444835"",""91444835"",""91444835"",""37839434"",""37839434"",""37839434""]","[""96633955"",""17020474"",""17020474"",""65424481"",""80040886"",""92519087"",""81020646"",""80666118"",""43419178"",""43419178"",""5041348"",""44508094"",""76636978"",""93039339"",""16037007""]","[""102380"",""102380"",""46565218"",""46565218"",""53765052"",""26084285"",""26084285"",""26084285"",""54693926"",""54693926"",""54693926"",""5318639"",""5318639"",""5318639"",""11790356""]",1788221850,15 hours ago,,,0,Ashtra Synchro,<p>Level 8-9-10 trap synchro deck</p>
730125,gimmick-puppet-ftk-post-ban-730125,Gimmick Puppet FTK (Post Ban),52782439,324872,Fun/Casual Decks,"[""52782439"",""52782439"",""52782439"",""25274141"",""64664373"",""35726888"",""35726888"",""35726888"",""21698716"",""57093995"",""57093995"",""57093995"",""47330808"",""84941194"",""84941194"",""16528181"",""26984177"",""92418590"",""99229085"",""81439173"",""43598843"",""43598843"",""79086452"",""4145915"",""4145915"",""81101309"",""97526666"",""5611760"",""36436372"",""36436372"",""36436372"",""63825486"",""63825486"",""63825486"",""36890111"",""36890111"",""36890111"",""10045474"",""94145021"",""94145021"",""14558127"",""14558127""]","[""33776843"",""33776843"",""69170557"",""48995978"",""75433814"",""76290637"",""76290637"",""88120966"",""88120966"",""33776843"",""7593748"",""7593748"",""97520532"",""97520532"",""93039339""]",,1788221850,15 hours ago,1788221850,15 hours ago,0,"Go first, make the board, use the strings, First turn kill","<p>Use the schedule to put the sign on the opp board, take the emergency schedule to summon the train and pathfinder, do chimera link with the to minion, ressumon them and tribute the pathfinder to get the mansion. Use the mansion, get the rouge doll special it with little soldier, activate little soldier, send to the GY the GP pork...XYZ into fantasix, Use effect to get Rank up, use the pork effect to set it on your board, summon with rank up C15, use effect&nbsp; and destroy the monster sign on the opp board (-3000 LP), GP knight effect to special to resummon rouge doll on your board and also di himself, Summon Numerber 40 and get rank up, use rank up to summon C40, use the Fantasix effect after the evocation and summon it on your side, re-get Rank up, and the C40 summonig effect will destroy C15 (-2500 LF), use Masion effect to summon in the opponent's field, Send to the GY number 40 to activate the effect and evocate Number 40 in the opponent's fiel, use rank up on fantasix into C15 and destroy number 40 (-3000LP), WIN.&nbsp;</p>"
730127,s1-mai-harpies-730127,S1 - Mai - Harpies,17658803,323477,Non-Meta Decks,"[""17658803"",""74852097"",""30532390"",""34100324"",""52040216"",""6924874"",""12206212"",""12206212"",""75064463"",""51962254"",""91932350"",""27927359"",""54415063"",""45547649"",""84834865"",""84834865"",""84834865"",""73356503"",""82005435"",""73001017"",""12800777"",""12580477"",""55144522"",""5318639"",""18144507"",""90219263"",""90219263"",""90219263"",""86308219"",""12181376"",""75782277"",""63102017"",""99597615"",""22359980"",""44095762"",""98954106"",""79333300"",""59744639"",""14315573"",""94192409""]",,"[""50913601""]",1788221850,15 hours ago,,,0,Changed anime Decks,<p>I just put any Card that mentions harpie lady into this deck. Of curse not ones that are too broken for their time.</p>
730129,dracotail-genesys-730129,Dracotail Genesys,102380,276223,Genesys Decks,"[""102380"",""102380"",""102380"",""44482554"",""44482554"",""44482554"",""70871153"",""70871153"",""70871153"",""1498449"",""875572"",""875572"",""875572"",""75003700"",""75003700"",""75003700"",""95515789"",""95515789"",""7375867"",""79109599"",""79109599"",""79109599"",""84477320"",""84477320"",""84477320"",""11317977"",""1035143"",""24508238"",""24508238"",""24508238"",""6498706"",""6498706"",""6153210"",""24094653"",""24094653"",""24094653"",""32548318"",""5431722"",""69932023"",""80208225""]","[""85899505"",""75286621"",""33760966"",""13735899"",""89851827"",""89851827"",""37260677"",""43227"",""24915933"",""72578374"",""79755671"",""79755671"",""42125140"",""42125140"",""43989315""]","[""9822220"",""9822220"",""9822220"",""10000080"",""10000080"",""10000080"",""78783557"",""78783557"",""78783557"",""8267140"",""8267140"",""8267140"",""69279219"",""69279219"",""69279219""]",1788221850,15 hours ago,1788221850,15 hours ago,0,.,<p>.</p>
730130,dino-old-no-meta-730130,dino old no meta,81823360,324940,Non-Meta Decks,"[""81823360"",""81823360"",""81823360"",""6631034"",""6631034"",""6631034"",""37265642"",""37265642"",""37265642"",""18940556"",""18940556"",""18940556"",""44335251"",""44335251"",""44335251"",""38572779"",""38572779"",""38572779"",""82946847"",""82946847"",""82946847"",""36042004"",""36042004"",""36042004"",""98022050"",""98022050"",""98022050"",""47325505"",""47325505"",""47325505"",""38179121"",""38179121"",""38179121"",""14558127"",""14558127"",""14558127"",""17228908"",""17228908"",""73628505"",""83235263""]",,,1788221850,15 hours ago,,,0,dino caste,<p>dino caste</p>
730131,s1-tea-angel-730131,S1 - Tea - Angel,15025844,323477,Non-Meta Decks,"[""15025844"",""80770678"",""38142739"",""82085619"",""99030164"",""57935140"",""72989439"",""59509952"",""5645210"",""72634965"",""95956346"",""95956346"",""95956346"",""37742478"",""31305911"",""11662742"",""9156135"",""31560081"",""45141844"",""46128076"",""81383947"",""2980764"",""74968065"",""1353770"",""911883"",""79571449"",""55144522"",""56433456"",""5318639"",""83764719"",""38699854"",""14087893"",""62279055"",""36361633"",""12607053"",""53239672"",""37053871"",""88789641"",""47766694"",""98954106""]",,,1788221850,15 hours ago,,,0,Changed anime Deck,<p>...</p>
730132,branded-fun-730132,Branded fun?,55273560,282741,Meta Decks,"[""55273560"",""55273560"",""55273560"",""62962630"",""62962630"",""62962630"",""73819701"",""73819701"",""95515789"",""95515789"",""1498449"",""1498449"",""82344137"",""82344137"",""68468459"",""45883110"",""14558127"",""14558127"",""14558127"",""94145021"",""94145021"",""30271097"",""30271097"",""30271097"",""48130397"",""48130397"",""29948294"",""29948294"",""29948294"",""1984618"",""1984618"",""44362883"",""24224830"",""25311006"",""10045474"",""10045474"",""10045474"",""17751597"",""80208225"",""5431722""]","[""18666161"",""44146295"",""44146295"",""76666602"",""38811586"",""89851827"",""87746184"",""41373230"",""24915933"",""3410461"",""51409648"",""72272462"",""53971455"",""78397661"",""74405783""]","[""5041348"",""41209827"",""80843006"",""6855503"",""37818794"",""59400890"",""62849088"",""84192580"",""84192580"",""42141493"",""42141493"",""14532163"",""14532163"",""14532163"",""48130397""]",1788225450,14 hours ago,,,0,Branded shenanigans,<p>Current branded deck that im working with. Hope yall enjoy!</p>
730133,bystial-hop-ear-k9-fyd-going-second-md-730133,Bystial Hop Ear K9 Fyd Going Second MD,48393693,203191,Theorycrafting Decks,"[""27204311"",""27204311"",""27204311"",""32731036"",""70088809"",""70088809"",""70088809"",""72656408"",""72656408"",""72656408"",""6637331"",""6637331"",""6637331"",""33854624"",""60242223"",""60242223"",""60242223"",""64612053"",""91025875"",""92248362"",""92248362"",""92248362"",""38339996"",""38339996"",""38339996"",""48393693"",""48393693"",""48393693"",""59438930"",""59438930"",""59438930"",""23434538"",""1980574"",""1980574"",""1980574"",""46789706"",""14965712"",""14965712"",""14965712"",""34090915""]","[""79415624"",""96633955"",""65424481"",""5041348"",""73580471"",""98506199"",""93125329"",""46057733"",""93039339"",""35103106"",""40673853"",""27420823"",""72971064"",""98127546"",""29301450""]","[""30983281"",""33698022"",""45935145"",""58058134"",""4993187"",""12067160"",""65741786""]",1788225450,14 hours ago,1788229050,13 hours ago,0,"Bystial, Hop Ear, K9, Fyd",<p>The all handtrap deck is built differently now.</p><p>Just trying something out.</p>
730134,shining-dragons-of-egypt-730134,Shining Dragons of Egypt!,100458001,97465,Domain Format Decks,"[""100458002"",""100458005"",""100458004"",""100458003"",""89631139"",""53347303"",""67886895"",""30576089"",""8240199"",""17947697"",""54332792"",""67768675"",""36734924"",""6740720"",""44818"",""23220533"",""13140300"",""87151205"",""3300267"",""77901552"",""31516413"",""4022819"",""78033100"",""41002238"",""37799519"",""30765615"",""100458006"",""100458008"",""100458007"",""22007085"",""25377819"",""69035382"",""80326401"",""17725109"",""71143015"",""24382602"",""56506740"",""29095457"",""30752324"",""16165939"",""21862633"",""11827244"",""55144522"",""98476659"",""79571449"",""74191942"",""85602018"",""71344451"",""100458009"",""100458010"",""100458011"",""58374502"",""21834870"",""27556460"",""85442146"",""62089826"",""43219114"",""98954106"",""83626916"",""89328238""]","[""23995346"",""11443677"",""54752875"",""83340560"",""59822133"",""89604813"",""83994433"",""10515412"",""42410161"",""60465049"",""27337596"",""63767246"",""16699558"",""42097666"",""24361622""]","[""100458001""]",1788225450,14 hours ago,,,0,"Normal Monsters? I find them quite interesting, actually.","<p style=""box-sizing: border-box; margin-top: 0px; margin-bottom: 0.6rem; color: #404040; font-family: -apple-system, BlinkMacSystemFont, 'Segoe UI', Roboto, 'Helvetica Neue', Arial, 'Noto Sans', sans-serif, 'Apple Color Emoji', 'Segoe UI Emoji', 'Segoe UI Symbol', 'Noto Color Emoji'; font-size: 16px;""><span style=""box-sizing: border-box; background-color: rgba(167, 164, 164, 0.18);"">Join the Domain Format discord server for information on rules and deckbuilding:&nbsp;</span><a style=""box-sizing: border-box; color: #7d3e12; text-decoration-line: none; background-color: rgba(167, 164, 164, 0.18);"" href=""https://discord.gg/jGkRCJkt3d"" rel=""nofollow"">https://discord.gg/jGkRCJkt3d</a></p><p>Normal Monsters! Monsters with absolutely no effects whatsoever. What if they were good? That's the question that Zenet tries to answer. Using Normal Monsters as material for Ritual Summons, their Ritual Monsters can equip Normal Monsters from the Graveyard and use them as fuel for effects, then revive back Normal Monsters from the grave, all while your Field Spell draws you cards every turn. <a class=""type-spell-card"" href=""/card/?search=100458007"" target=""_blank"" rel=""noopener nofollow""><span class=""card-editor-tooltip"" title="""" data-image=""https://images.ygoprodeck.com/images/cards/100458007.jpg"" data-card=""100458007"" data-name=""Zenet Per Akh"">Zenet Per Akh</span></a> can even summon <a class=""type-fusion-monster"" href=""/card/?search=23995346"" target=""_blank"" rel=""noopener nofollow""><span class=""card-editor-tooltip"" title="""" data-image=""https://images.ygoprodeck.com/images/cards/23995346.jpg"" data-card=""23995346"" data-name=""Blue-Eyes Ultimate Dragon"">Blue-Eyes Ultimate Dragon</span></a> for free, which is why I'm playing <a class=""type-effect-monster"" href=""/card/?search=53347303"" target=""_blank"" rel=""noopener nofollow""><span class=""card-editor-tooltip"" title="""" data-image=""https://images.ygoprodeck.com/images/cards/53347303.jpg"" data-card=""53347303"" data-name=""Blue-Eyes Shining Dragon"">Blue-Eyes Shining Dragon</span></a> as a boss monster that can protect itself from targeting! I also play the Hieratic archetype, who are also dragons that care about Normal Monsters, and by using <a class=""type-spell-card"" href=""/card/?search=69035382"" target=""_blank"" rel=""noopener nofollow""><span class=""card-editor-tooltip"" title="""" data-image=""https://images.ygoprodeck.com/images/cards/69035382.jpg"" data-card=""69035382"" data-name=""Contract with the Abyss"">Contract with the Abyss,</span></a> we can tribute them to summon our Zenet rituals, then trigger the tributed Hieratic monster to summon a Normal Monster, enabling some fun Xyz or Synchro plays! Finally, we also have some Starry Knight cards that want <a class=""type-normal-monster"" href=""/card/?search=6740720"" target=""_blank"" rel=""noopener nofollow""><span class=""card-editor-tooltip"" title="""" data-image=""https://images.ygoprodeck.com/images/cards/6740720.jpg"" data-card=""6740720"" data-name=""Seiyaryu"">Seiyaryu</span></a> on the field so we can use the powerful <a class=""type-trap-card"" href=""/card/?search=58374502"" target=""_blank"" rel=""noopener nofollow""><span class=""card-editor-tooltip"" title="""" data-image=""https://images.ygoprodeck.com/images/cards/58374502.jpg"" data-card=""58374502"" data-name=""Starry Knight Blast"">Starry Knight Blast</span></a> as a negate, and <a class=""type-effect-monster"" href=""/card/?search=44818"" target=""_blank"" rel=""noopener nofollow""><span class=""card-editor-tooltip"" title="""" data-image=""https://images.ygoprodeck.com/images/cards/44818.jpg"" data-card=""44818"" data-name=""Starry Knight Orbitael"">Starry Knight Orbitael</span></a> can even tribute a Hieratic monster with it's effect! As a funny win condition, I'm playing <a class=""type-spell-card"" href=""/card/?search=11827244"" target=""_blank"" rel=""noopener nofollow""><span class=""card-editor-tooltip"" title="""" data-image=""https://images.ygoprodeck.com/images/cards/11827244.jpg"" data-card=""11827244"" data-name=""Magicalized Fusion"">Magicalized Fusion</span></a> to summon <a class=""type-fusion-monster"" href=""/card/?search=83340560"" target=""_blank"" rel=""noopener nofollow""><span class=""card-editor-tooltip"" title="""" data-image=""https://images.ygoprodeck.com/images/cards/83340560.jpg"" data-card=""83340560"" data-name=""The Great Double Casted Caster"">The Great Double Casted Caster,</span></a> who can get to really high ATK and swing into someone's life points directly!</p>"
730138,blackwing-730138,Blackwing,81470373,324954,Non-Meta Decks,"[""81470373"",""81470373"",""81470373"",""70465810"",""70465810"",""70465810"",""71187462"",""71187462"",""71187462"",""8571567"",""8571567"",""8571567"",""34976176"",""34976176"",""81105204"",""81105204"",""49003716"",""77152542"",""73652465"",""54594017"",""14785765"",""14558127"",""14558127"",""14558127"",""23434538"",""91351370"",""91351370"",""91351370"",""7602800"",""7602800"",""83764718"",""65681983"",""10045474"",""10045474"",""10045474"",""15693423"",""15693423"",""69973414"",""80254726"",""96367119""]","[""73218989"",""73218989"",""73218989"",""10602628"",""10602628"",""9012916"",""9012916"",""54082269"",""95040215"",""81983656"",""23338098"",""53389254"",""69031175"",""76913983"",""21435914""]",,1788229050,13 hours ago,,,0,.,<p>.</p>
730139,vylon-legacy-tier-deck-730139,Vylon legacy tier deck,93157004,324956,Fun/Casual Decks,"[""41431329"",""41431329"",""41431329"",""1281505"",""1281505"",""1281505"",""75886890"",""75886890"",""75886890"",""33911264"",""33911264"",""33911264"",""46659709"",""46659709"",""46659709"",""65367484"",""65367484"",""65367484"",""92035412"",""92035412"",""92035412"",""74657662"",""74657662"",""74657662"",""1644289"",""1644289"",""1644289"",""55046718"",""90592429"",""95515060"",""95515060"",""35261759"",""35261759"",""35261759"",""84211599"",""83764718"",""25311006"",""70368879"",""70368879"",""70368879""]","[""93157004"",""75779210"",""48370501"",""48370501"",""2403771"",""25862681"",""73580471"",""21368273"",""58069384"",""10443957"",""71166481"",""32453837"",""46895036"",""80321197""]",,1788229050,13 hours ago,,,0,2736,<p>Just an old school deck to play with friend</p>
730140,genex-730140,Genex,68450517,324956,Fun/Casual Decks,"[""19182751"",""19182751"",""19182751"",""27827903"",""27827903"",""27827903"",""68450517"",""68450517"",""24432029"",""24432029"",""24432029"",""64034255"",""64034255"",""51827737"",""51827737"",""423585"",""423585"",""423585"",""44330098"",""44330098"",""63995093"",""63995093"",""63995093"",""1475311"",""67169062"",""2295440"",""83764718"",""98645731"",""98645731"",""53582587"",""53582587"",""53582587"",""41420027"",""84749824"",""84749824"",""63356631"",""63356631"",""44095762"",""97077563"",""81439173""]","[""61775475"",""38354937"",""66165755"",""52687916"",""50954680"",""44508094"",""30983281"",""31924889"",""26593852"",""46772449"",""37926346"",""28912357"",""34909328""]",,1788232650,12 hours ago,,,0,3636,<p>Biden blast</p>
730141,evilswarm-730141,Evilswarm,91279700,324956,Fun/Casual Decks,"[""77542832"",""77542832"",""77542832"",""79785958"",""79785958"",""79785958"",""4756629"",""4756629"",""4756629"",""8814959"",""8814959"",""85138716"",""85138716"",""85138716"",""27541267"",""27541267"",""1475311"",""911883"",""911883"",""911883"",""48130397"",""48130397"",""25311006"",""32807846"",""35419032"",""90846359"",""10045474"",""10045474"",""10045474"",""6325660"",""6325660"",""6325660"",""40366667"",""40366667"",""58053438"",""58053438"",""23434538"",""94145022"",""8814959"",""66247039"",""66247039"",""66247039""]","[""91279700"",""91279700"",""91279700"",""359563"",""359563"",""46772449"",""46772449"",""37926346"",""36757171"",""45852939"",""90448279"",""93039339"",""13243124"",""11765832"",""54757758""]",,1788232650,12 hours ago,,,0,414,<p>My friend said this is an STD deck</p>
730142,chimera-illusion-730142,Chimera Illusion,1769875,324956,Non-Meta Decks,"[""55461744"",""55461744"",""55461744"",""23076639"",""23076639"",""23076639"",""28954097"",""28954097"",""28954097"",""40221691"",""58143852"",""58143852"",""87462901"",""34541543"",""28674152"",""24508238"",""67750322"",""67750322"",""48130397"",""24094653"",""24094653"",""63136489"",""63136489"",""33782437"",""25224340"",""49036338"",""48130397"",""23434538"",""38814750"",""10045474"",""10045474"",""10045474"",""84478195"",""61173621"",""61173621"",""61173621"",""92565383"",""92565383"",""92565383"",""34773082"",""34773082"",""34773082"",""66247039"",""66247039"",""66247039""]","[""1769875"",""1769875"",""38264974"",""38264974"",""69601012"",""46174776"",""43227"",""80117527"",""54757758"",""11765832"",""69946549"",""74586817"",""11321089"",""11321089""]","[""36974120"",""19307353"",""19307353"",""19307353"",""27204311"",""27204311"",""79109599"",""79109599"",""24094653"",""5318639"",""5318639"",""5318639""]",1788232650,12 hours ago,1788232650,12 hours ago,0,585,<p>c</p>
730144,monarchs-domain-730144,Monarchs Domain,84171830,217261,Non-Meta Decks,"[""96570609"",""96570609"",""96570609"",""23064604"",""23064604"",""67584223"",""67584223"",""67584223"",""95457011"",""95457011"",""59463312"",""59463312"",""9748752"",""31596518"",""31596518"",""31596518"",""84171830"",""84171830"",""84171830"",""22842126"",""22842126"",""22842126"",""33609262"",""33609262"",""33609262"",""63899196"",""63899196"",""63899196"",""9283801"",""9283801"",""9283801"",""61466310"",""79844764"",""79844764"",""79844764"",""59983249"",""48716527"",""54241725"",""81439173"",""24224830""]",,"[""42141493"",""42141493"",""42141493"",""15735108"",""15735108"",""15735108"",""87126721"",""87126721"",""87126721""]",1788232650,12 hours ago,,,0,Just a silly little deck for silly little guys totally not toxic :3,<p>Bleh</p>
730147,elfnote-agosto-2026-730147,Elfnote Agosto 2026,56651978,259360,Meta Decks,"[""42141493"",""42141493"",""42141493"",""14558127"",""14558127"",""14558127"",""73642296"",""73642296"",""59438930"",""59438930"",""84192580"",""84192580"",""84192580"",""70088809"",""70088809"",""70088809"",""97556336"",""97556336"",""12375297"",""12375297"",""13597785"",""13597785"",""13597785"",""59581480"",""59581480"",""59581480"",""56651978"",""56651978"",""56651978"",""85976588"",""70488851"",""70488851"",""10266279"",""25661743"",""25661743"",""25661743"",""64491754"",""30271097"",""30271097"",""24092792""]","[""5559570"",""42302563"",""5914858"",""22850702"",""50954680"",""33158448"",""90953320"",""73580471"",""31924889"",""98506199"",""74586817"",""93125329"",""72444406"",""78397661"",""87746184""]","[""102380"",""102380"",""102380"",""94145021"",""94145021"",""33854624"",""6637331"",""5318639"",""5318639"",""18144507"",""25311006"",""24224830"",""78114463"",""41420027"",""58921041""]",1788236250,11 hours ago,1788272250,1 hour ago,0,Elfnote,<p><a>1st Place Chiclayo WCQ Regional</a></p>
730148,spright-730148,Spright,76145933,324954,Non-Meta Decks,"[""76145933"",""76145933"",""76145933"",""13533678"",""13533678"",""13533678"",""2311090"",""2311090"",""75922381"",""49928686"",""68353324"",""68353324"",""68353324"",""88686573"",""88686573"",""9126351"",""9126351"",""9126351"",""1357146"",""70744296"",""23434538"",""14558127"",""14558127"",""14558127"",""93018428"",""34800281"",""15443125"",""15443125"",""15443125"",""88836438"",""42431833"",""65681983"",""8267140"",""10045474"",""10045474"",""10045474"",""15693423"",""15693423"",""15693423"",""68250822""]","[""27381364"",""72329844"",""54498517"",""29301450"",""79606837"",""81019803"",""29208536"",""54191698"",""1249315"",""84224627"",""39972129"",""47759571"",""25919316"",""55727845"",""77637979""]",,1788236250,11 hours ago,,,0,.,<p>.</p>
730149,diva-hero-730149,Diva Hero,78868119,248453,Edison Format Decks,"[""69884162"",""69884162"",""69884162"",""40044918"",""37195861"",""78868119"",""78868119"",""78868119"",""42463414"",""42463414"",""80344569"",""44330098"",""37742478"",""37742478"",""213326"",""213326"",""213326"",""33846209"",""33846209"",""33846209"",""45906428"",""45906428"",""45906428"",""77565204"",""19613556"",""5318639"",""87910978"",""37412656"",""37412656"",""29401950"",""29401950"",""70342110"",""70342110"",""70342110"",""58120309"",""94192409"",""64697231"",""53582587"",""44095762"",""41420027""]","[""40854197"",""40854197"",""40854197"",""16304628"",""79229522"",""43385557"",""43385557"",""26593852"",""50321796"",""7391448"",""73580471"",""44508094"",""23693634"",""70780151"",""27315304""]",,1788236250,11 hours ago,1788236250,11 hours ago,0,.,<p>.</p>
730151,gadgetgear-730151,GadgetGear,12652643,324324,Non-Meta Decks,"[""44874522"",""83104731"",""50933533"",""39303359"",""39303359"",""17663375"",""56094445"",""91098230"",""42878636"",""32762201"",""80045583"",""55010259"",""55010259"",""29021114"",""29021114"",""41172955"",""86445415"",""13839120"",""13316346"",""13316346"",""18486927"",""37694547"",""64061284"",""4064925"",""44052074"",""59811955"",""67829249"",""92001300"",""92001300"",""70147689"",""40830387"",""37457534"",""25518020"",""35100834"",""35100834"",""13955608"",""53541822"",""47482043"",""56889"",""98427577""]","[""12652643""]",,1788239850,10 hours ago,1788239850,10 hours ago,0,Gears of War,<p>Gears of War</p>
730152,updated-esteys-unchained-730152,Updated Esteys Unchained,88554436,283841,Genesys Decks,"[""44001993"",""41165831"",""41165831"",""41165831"",""88554436"",""1966438"",""1966438"",""31588572"",""26236560"",""26236560"",""26236560"",""53624265"",""53624265"",""24088928"",""19000848"",""19000848"",""19000848"",""10802915"",""10802915"",""10802915"",""81035362"",""94145021"",""94145021"",""94145021"",""59438930"",""59438930"",""59438930"",""27412542"",""27412542"",""27412542"",""33599853"",""53129443"",""53129443"",""71593652"",""54261514"",""54261514"",""54261514"",""80801743"",""80801743"",""53417695"",""53417695""]","[""45409943"",""45409943"",""28143384"",""45445571"",""88942504"",""9567495"",""71100270"",""46014517"",""83531441"",""51497409"",""79559912"",""20145685"",""94151981"",""93854893"",""64182380""]","[""67750322"",""67750322"",""67750322"",""8267140"",""8267140"",""8267140"",""51706604"",""51706604"",""51706604"",""53582587"",""53582587"",""53582587"",""34694160"",""34694160"",""34694160""]",1788239850,10 hours ago,1788239850,10 hours ago,0,Updated Esteys Unchained,<p>Updated Esteys Unchained</p>
730153,melffetyradient-730153,melffetyradient,20129614,241672,Non-Meta Decks,"[""20129614"",""34800281"",""20003027"",""93018428"",""46955132"",""46955132"",""46955132"",""98416533"",""98416533"",""98416533"",""80538047"",""80538047"",""54143349"",""54143349"",""54143349"",""27755794"",""16922142"",""16922142"",""16922142"",""53927851"",""14558127"",""14558127"",""14558127"",""42141493"",""42141493"",""5318639"",""5318639"",""48130397"",""48130397"",""48130397"",""20508881"",""20508881"",""20508881"",""67115133"",""25940932"",""25687946"",""25687946"",""25687946"",""63644830"",""24224830"",""58036097"",""53813120""]","[""39341885"",""39341885"",""30674956"",""29301450"",""79561872"",""79561872"",""11765832"",""54757758"",""81019803"",""90448279"",""5833929"",""5833929"",""30439101"",""76833149"",""53054164""]",,1788239850,10 hours ago,,,0,melffetyradientmelffetyradient,<p>melffetyradientmelffetyradient</p>
730157,plant-kewl-tune-730157,Plant Kewl Tune,26118970,172353,Genesys Decks,"[""21036656"",""53416326"",""73642297"",""73642297"",""52038442"",""52038442"",""16387555"",""16387555"",""16387555"",""16509007"",""16509007"",""89392810"",""89392810"",""21142671"",""21142671"",""26118970"",""26118970"",""26118970"",""93708824"",""93708824"",""93708824"",""92595825"",""66100116"",""66100116"",""12213463"",""69167267"",""69167267"",""69053263"",""69053263"",""69053263"",""97474300"",""97474300"",""14442329"",""14442329"",""78058681"",""78058681"",""99243014"",""99243014"",""99243014"",""59438930""]","[""73580472"",""6560411"",""53325667"",""41069676"",""41069676"",""88170262"",""88170262"",""15665977"",""15665977"",""42781164"",""42781164"",""33955120"",""30698243"",""97489701"",""4891376""]","[""62015408"",""62015408"",""62015408"",""29726552"",""29726552"",""29726552"",""61049315"",""50954680"",""99585850"",""7811875"",""7811875"",""7811875"",""60306277"",""60306277"",""60306277""]",1788239850,10 hours ago,,,0,Tuner Slop,"<p>A lot of synergy between plant monsters, rose dragon, and their respective tuners.&nbsp; Enough that you can use track maker as a bridge at any given point and/or go from kewl tune to other stuff</p>"
730158,budget-dark-world-730158,Budget Dark World,41406613,55205,Fun/Casual Decks,"[""41406613"",""41406613"",""41406613"",""34230233"",""34230233"",""34230233"",""34968834"",""32619583"",""77895328"",""77895328"",""77895328"",""79126789"",""25847467"",""3289027"",""14558127"",""14558127"",""14558127"",""70711847"",""70711847"",""70711847"",""43316238"",""90807199"",""43694650"",""52350806"",""16209941"",""40460013"",""19000848"",""33017655"",""33017655"",""33017655"",""65956182"",""65956182"",""65956182"",""72892473"",""71593652"",""12580477"",""18144507"",""3167439"",""3167439"",""3167439""]","[""22723778"",""22723778"",""39552584"",""39552584"",""45409943"",""45409943"",""74997493"",""86066372"",""71607202"",""2857636"",""38342335"",""90448279"",""66011101"",""21044178"",""42421606""]",,1788239850,10 hours ago,1788243450,9 hours ago,0,#budgetdarkworld,<p>I make casual and budget-friendly decks.I am not an expert deck builder by any means.</p>
730159,crimson-king-730159,crimson king,70902743,317667,Non-Meta Decks,"[""56838842"",""56838842"",""45313993"",""54343893"",""19434243"",""25784595"",""25784595"",""83445539"",""97021916"",""5780210"",""62991792"",""62991792"",""35058857"",""14558127"",""14558127"",""98396890"",""98396890"",""40975574"",""34761841"",""34761841"",""77360173"",""77360173"",""89127526"",""60990740"",""50056656"",""50056656"",""24662957"",""68490573"",""5376159"",""50078509"",""10045474"",""10045474"",""8559524"",""98173209"",""98173209"",""49238328"",""23008320"",""23008320"",""613496"",""15576074""]","[""66141736"",""66141736"",""70902743"",""70902743"",""80666118"",""80666118"",""87451661"",""87451661"",""67809530"",""9753964"",""9753964"",""27572350"",""36857073"",""99585850"",""97489701""]","[""65541655""]",1788239850,10 hours ago,,,0,red dragon archfiend,<p>figuring it out</p>
730160,power-patron-artmage-730160,Power Patron Artmage,51669847,154098,Tournament Meta Decks Worlds,"[""60946049"",""34541940"",""97434754"",""23829452"",""23829452"",""70488851"",""70488851"",""70488851"",""17473466"",""17473466"",""17473466"",""10266279"",""43871165"",""43871165"",""97556336"",""97556336"",""97556336"",""14558128"",""14558128"",""73642296"",""73642296"",""94145021"",""74733322"",""74733322"",""1122030"",""74011784"",""36709484"",""51669847"",""25661743"",""25661743"",""25661743"",""26237713"",""26237713"",""30271097"",""30271097"",""30271097"",""98476659"",""98476659"",""98476659"",""25311006"",""15693423"",""15693423"",""15693423"",""23599634"",""44654994""]","[""74631897"",""74631897"",""27184601"",""53589300"",""69946549"",""87746184"",""78397661"",""5914858"",""68231287"",""70636044"",""31822037"",""22125101"",""98127546"",""27519978"",""29301450""]","[""46565218"",""46565218"",""42141493"",""42141493"",""42141493"",""84192580"",""84192580"",""84192580"",""98829635"",""98829635"",""78114463"",""78114463"",""78114463"",""41420027"",""49299410""]",1788103050,2 days ago,,,1,Power Patron Artmage  / Yu-Gi-Oh! World Championship 2026 Top 32,<p>Category: Tournament Meta Decks (World Championship)</p><p>Tournament Meta Decks are current-level Meta Decks that are capable of going up against the best of the best. These are curated lists that cannot be uploaded by regular users.</p><p>Creator: Dillon Taylor</p><p>Tournament: Yu-Gi-Oh! World Championship 2026 &ndash; August 30th 2026</p><p>Placement: Top 32</p>
730161,ashened-genesys-730161,Ashened Genesys,30676200,99822,Genesys Decks,"[""30676200"",""62156277"",""62156277"",""35151572"",""35151572"",""67660909"",""67660909"",""67660909"",""78783557"",""78783557"",""4271596"",""72162751"",""72162751"",""92221402"",""92221402"",""92221402"",""62767644"",""62767644"",""62767644"",""3055018"",""3055018"",""3055018"",""98828338"",""98828338"",""98828338"",""30453613"",""30453613"",""30453613"",""34813443"",""66848311"",""97268402"",""97268402"",""97268402"",""24508238"",""24508238"",""24508238"",""46247282"",""46247282"",""46247282"",""1475311""]","[""35035985"",""35035985"",""8540986"",""8540986"",""29423048"",""93108839"",""90448279"",""64182380"",""95095116"",""9709452"",""12948099""]","[""54693926"",""54693926"",""54693926"",""17350692"",""19211362"",""72090076"",""54261514"",""54261514"",""54261514"",""14883228"",""14883228"",""14883228""]",1788243450,9 hours ago,1788243450,9 hours ago,0,Homegrown destruction,<p>A quick brew of something I was thinking about.</p>
730163,magnetwarriors-730163,MagnetWarriors,75347539,324324,Non-Meta Decks,"[""75347539"",""44839512"",""42901635"",""45700805"",""24431911"",""51826619"",""51826619"",""12262393"",""12262393"",""87814728"",""87814728"",""42023223"",""42023223"",""79418928"",""79418928"",""86289475"",""15502037"",""52566270"",""39256679"",""11549357"",""99785935"",""72580321"",""88696724"",""4740489"",""80352158"",""80352158"",""54734082"",""65514302"",""83715234"",""77133792"",""17841166"",""17841166"",""83133491"",""20781762"",""20781762"",""99004583"",""98045062"",""69162969"",""46253216"",""38275183""]","[""4628897"",""47247792"",""21861412""]","[""57354389"",""58297729"",""83715234""]",1788243450,9 hours ago,,,0,MagneTISM,<p>MagneTISM</p>
730164,buster-blader-x-albaz-730164,Buster Blader x Albaz,49823708,255453,Non-Meta Decks,"[""89631139"",""27204311"",""27204311"",""27204311"",""67886895"",""67886895"",""67886895"",""80870883"",""62849088"",""3428069"",""3428069"",""73819701"",""73819701"",""68468459"",""55273560"",""55273560"",""55273560"",""42141493"",""42141493"",""42141493"",""2602411"",""23434538"",""49823708"",""49823708"",""49823708"",""97268402"",""24382602"",""30271097"",""30271097"",""30271097"",""80101899"",""80101899"",""80101899"",""89812483"",""89812483"",""33280639"",""33280639"",""33280639"",""32104431"",""32104431"",""15155568"",""15155568""]","[""76666602"",""44146295"",""86240887"",""86240887"",""1906812"",""3410461"",""87746184"",""87746184"",""78397661"",""78397661"",""11790356"",""11790356"",""93039339"",""24361622"",""42097666""]","[""78193831"",""38601126"",""76218313"",""20899496"",""84192580"",""84192580"",""41373230"",""79415624"",""9753964"",""47158777""]",1788243450,9 hours ago,1788268650,2 hours ago,0,Buster Blader x TFTV,<p>Buster Blader x TFTV</p>
730166,light-and-darkness-ritual-mitsurugi-fiendsmith-730166,Light and darkness ritual Mitsurugi Fiendsmith,44001993,317623,Meta Decks,"[""97462632"",""97462632"",""97462632"",""98684220"",""98684220"",""24088928"",""24088928"",""50073633"",""70405001"",""44001993"",""33599853"",""33599853"",""24749710"",""76948970"",""82782870"",""40543231"",""40543231"",""18176525"",""19899073"",""19899073"",""13332685"",""55397172"",""45171524"",""45171524"",""49721684"",""81560239"",""81560239"",""17954937"",""60764609"",""60764609"",""28803166"",""97651498"",""98567237"",""14558127"",""14558127"",""14558127"",""73642296"",""73642296"",""73642296"",""27204311"",""27204311"",""27204311"",""10045474"",""10045474"",""10045474"",""13048472"",""13048472"",""13048472"",""65681983"",""24224830""]","[""93039339"",""90448279"",""46640168"",""82135803"",""49867899"",""2463794"",""34989413"",""29301450"",""29301450"",""65741786"",""4993187"",""8264361"",""60303245"",""2857636"",""86066372""]",,1788247050,8 hours ago,,,0,Light and darkness ritual,"<p>This is a really fun deck, I&nbsp; if you can would recommend playing it&nbsp;</p>"
730168,earthbound-genesys-730168,Earthbound Genesys,48130397,197388,Genesys Decks,"[""48130397"",""48130397"",""97268402"",""97268402"",""97268402"",""73642296"",""73642296"",""5267507"",""5267507"",""5267507"",""69931927"",""45836982"",""72323266"",""72323266"",""72323266"",""46939151"",""46939151"",""46939151"",""19322865"",""19322865"",""99599062"",""99599062"",""71089030"",""71089030"",""71089030"",""65743242"",""65743242"",""65743242"",""19000848"",""19000848"",""19000848"",""71593652"",""98396890"",""98173209"",""32759190"",""32759190"",""95365081"",""95365081"",""20415050"",""10802915"",""10802915"",""10802915""]","[""71101678"",""45716579"",""33202303"",""44094981"",""8690387""]","[""8267140"",""8267140"",""8267140"",""67750322"",""67750322"",""67750322""]",1788250650,7 hours ago,,,0,Wip,"<p>W/ Hecahands (kinda), testing Tour Guide as a starter with Harmonic Synchro</p>"
730169,white-forest-angelechy-deck-730169,White Forest Angelechy Deck,80565021,315370,Non-Meta Decks,"[""98385955"",""98385955"",""98385955"",""61980241"",""61980241"",""61980241"",""24779554"",""38648860"",""60145298"",""72270339"",""23151193"",""4398189"",""99289828"",""62995268"",""64998567"",""78293584"",""80845034"",""66328392"",""94845588"",""54577949"",""17782288"",""17782288"",""17782288"",""80565021"",""80565021"",""80565021"",""54171327"",""54171327"",""54171327"",""35726888"",""94145021"",""94145021"",""14558127"",""14558127"",""14558127"",""10045474"",""10045474"",""10045474"",""24224830"",""25311006""]","[""14307929"",""77313225"",""41924516"",""5800323"",""46396218"",""22850702"",""79415624"",""32044675"",""42410161"",""42410161"",""28904860"",""55393975"",""55393975"",""81797573"",""73218989""]","[""73642296"",""73642296"",""73642296""]",1788250650,7 hours ago,,,0,I like it,"<p>I love chess, I love yugioh, hence this</p>"
730170,ryzeal-mitsurugi-730170,Ryzeal Mitsurugi,76948970,318629,Meta Decks,"[""19899073"",""19899073"",""13332685"",""55397172"",""40543231"",""18176525"",""82782870"",""76948970"",""20295753"",""8633261"",""8633261"",""35844557"",""35844557"",""72238166"",""34022970"",""42141493"",""42141493"",""42141493"",""14558127"",""14558127"",""14558127"",""45171524"",""45171524"",""45171524"",""81560239"",""81560239"",""49721684"",""13048472"",""13048472"",""13048472"",""24299458"",""24299458"",""48130397"",""48130397"",""25311006"",""84211599"",""85106525"",""24224830"",""65681983"",""17954937""]","[""11765832"",""54757758"",""9940036"",""8165596"",""40673853"",""34909328"",""7511613"",""61399402"",""6983839"",""90590303"",""46772449"",""66011101"",""73898890"",""29301450"",""65741786""]","[""55063751"",""46565218"",""94145021"",""94145021"",""81674782"",""81674782"",""81674782"",""35269904"",""14532163"",""48130397"",""18144506"",""76666602"",""41420027"",""40605147"",""40605147""]",1788250650,7 hours ago,1788250650,7 hours ago,0,ygoprodeck.com,<p>ygoprodeck.com</p>
730171,relinquillusion-730171,Relinquillusion,64631466,324324,Non-Meta Decks,"[""64631466"",""40221691"",""15173384"",""58143852"",""95492061"",""95492061"",""34358408"",""34358408"",""33145233"",""33245030"",""33245030"",""78642798"",""89785779"",""34541543"",""45016904"",""87462901"",""26376390"",""59546797"",""26914168"",""78010363"",""26202165"",""31560081"",""81231742"",""78063197"",""41426869"",""13048472"",""25224340"",""23446369"",""35778533"",""33017964"",""78574395"",""81439173"",""83764719"",""48130397"",""24440742"",""24440742"",""52607696"",""26334139"",""54704216"",""29616929""]","[""30138615"",""63519819"",""41578483""]","[""64631466"",""40221691"",""58143852"",""78642798"",""27125110"",""50185950"",""87462901"",""41426869"",""48130397"",""35778533"",""62173132"",""53329234"",""26334139"",""2006591"",""69452756""]",1788254250,6 hours ago,,,0,Yoink,<p>What's mine is mine and what's yours is mine too</p>
730172,wochenlose-730172,Wochenlose,39674352,305043,Non-Meta Decks,"[""39674352"",""39674352"",""85066822"",""65287621"",""65287621"",""65287621"",""22587018"",""22587018"",""22587018"",""58071123"",""58071123"",""58071123"",""45898858"",""45898858"",""45898858"",""30548775"",""30548775"",""30548775"",""57139487"",""295517"",""295517"",""295517"",""64342551"",""64342551"",""64342551"",""20721928"",""20721928"",""20721928"",""84327329"",""84327329"",""84327329"",""45906428"",""45906428"",""45906428"",""15717011"",""15717011"",""15717011"",""75285069"",""75285069"",""75285069""]","[""25366484"",""47737087"",""47737087"",""61204971"",""61204971"",""61204971""]",,1788254250,6 hours ago,,,0,Lose,<p>Lose</p>
730173,dogmatika-genesys-730173,Dogmatika Genesys,60303688,74133,Genesys Decks,"[""60303688"",""60303688"",""60303688"",""45883110"",""45883110"",""45883110"",""95515789"",""95515789"",""95515789"",""68468459"",""68468459"",""73819701"",""55273560"",""55273560"",""55273560"",""19304410"",""95679145"",""69680031"",""30394645"",""30394645"",""30394645"",""25451383"",""22073844"",""48654323"",""51522296"",""51522296"",""35569555"",""35569555"",""35569555"",""31002402"",""60921537"",""60921537"",""2263869"",""2263869"",""2263869"",""34995106"",""29948294"",""29948294"",""29948294"",""82738008"",""17751597"",""17751597""]","[""59531356"",""83656563"",""24915933"",""24915933"",""41373230"",""87746184"",""44146295"",""76666602"",""93125329"",""74405783"",""78397661"",""53971455"",""53971455"",""93854893"",""9940036""]","[""69680031"",""69680031"",""73355772"",""73355772"",""73355772"",""40673853"",""43898403"",""43898403"",""43898403"",""53582587"",""53582587"",""53582587"",""82956214"",""82956214"",""82956214""]",1788254250,6 hours ago,1788257850,5 hours ago,0,Dogmatika,<p>Dogmatika</p>
730176,jounouchi-deck-730176,jounouchi deck,48305365,302381,Non-Meta Decks,"[""74677422"",""14977074"",""23771716"",""48305365"",""5388481"",""64428736"",""4042268"",""44287299"",""80770678"",""88819587"",""34460851"",""96561011"",""64335804"",""36354007"",""77585513"",""78658564"",""42035044"",""423705"",""30860696"",""23289281"",""51371017"",""93920745"",""71625222"",""36262024"",""31560081"",""26376390"",""32268901"",""4031928"",""53129443"",""66788016"",""83764718"",""24094653"",""75417459"",""74137509"",""36708764"",""70046172"",""95281259"",""42703248"",""81439173"",""52097679"",""73915051"",""39387565"",""24068492"",""37390590"",""68540058"",""17814387"",""126218"",""4206964"",""12607053""]","[""41462083"",""26273196"",""45231177"",""3366982""]",,1788257850,5 hours ago,1788257850,5 hours ago,0,jounouchi deck,<p>jounouchi deck</p>
730177,abyss-actor-2026-730177,Abyss Actor (2026),25629622,101502,Non-Meta Decks,"[""25629622"",""25629622"",""78310590"",""78310590"",""78310590"",""51028231"",""51391183"",""51391183"",""51391183"",""44179224"",""44179224"",""24907044"",""15308295"",""65477143"",""7279373"",""88412339"",""88412339"",""88412339"",""14558127"",""14558127"",""14558127"",""24224830"",""84211599"",""77297908"",""77297908"",""23784496"",""13662809"",""13662809"",""70564929"",""6004133"",""6004133"",""6004133"",""33503878"",""33503878"",""40366667"",""40366667"",""40366667"",""10045474"",""10045474"",""10045474""]","[""2368215"",""2368215"",""2368215"",""47404795"",""47404795"",""47404795"",""71607202"",""29301450"",""22125101"",""92812851"",""58083496"",""21419436"",""29479265"",""4731783"",""93039339""]","[""27204311"",""27204311"",""42141493"",""42141493"",""42141493"",""84192580"",""84192580"",""24203749"",""24203749"",""24203749"",""27581098"",""27581098"",""53341729"",""53341729"",""18144507""]",1788257850,5 hours ago,1788257850,5 hours ago,0,Seeing how Abyss Actors fare in 2026.,<p>Updating pure Abyss Actor to work with the latest TCG banlist (and some meta staples/prerelease cards).&nbsp;</p>
730178,red-eyes-control-730178,Red Eyes Control,74677422,325031,Goat Format Decks,"[""74677422"",""74677422"",""74677422"",""36262024"",""36262024"",""11091375"",""11091375"",""51632798"",""51632798"",""51632798"",""79109599"",""79109599"",""15960641"",""15960641"",""34124316"",""33508719"",""26202165"",""83011278"",""83011278"",""46411259"",""46411259"",""46411259"",""24094653"",""24094653"",""81385346"",""81385346"",""5318639"",""55144522"",""79571449"",""19613556"",""70828912"",""45986603"",""87910978"",""97077563"",""41420027"",""41420027"",""41420027"",""54178050"",""44095762"",""83555666""]","[""13756293"",""13756293"",""13756293"",""11901678"",""11901678"",""87751584"",""66889139"",""86099788"",""86805855"",""90140980"",""45231177"",""85684223"",""17881964"",""70681994"",""63519819""]",,1788257850,5 hours ago,,,0,,<p>red eyes</p>
730180,fluffy-but-evil-730180,fluffy but evil,14878871,302257,Non-Meta Decks,"[""14558127"",""14558127"",""14558127"",""42141493"",""42141493"",""42141493"",""14878871"",""14878871"",""14878871"",""46955132"",""46955132"",""46955132"",""98416533"",""98416533"",""98416533"",""20003027"",""20003027"",""93018428"",""93018428"",""34800281"",""56401775"",""20129614"",""43632709"",""43632709"",""43632709"",""64475743"",""97317530"",""24096499"",""1980574"",""25687946"",""25687946"",""25687946"",""76981308"",""63644830"",""97926515"",""97926515"",""97926515"",""72537897"",""82134632"",""58036097"",""10045474"",""10045474"",""10045474""]","[""79561872"",""79561872"",""81019803"",""63410069"",""30983281"",""44508094"",""86682165"",""84664085"",""53054164"",""76833149"",""76833149"",""5833929"",""5833929"",""30439101"",""90448279""]",,1788257850,5 hours ago,1788272250,1 hour ago,0,fluffy,<p>fluffy</p>
730181,predaplant-730181,Predaplant,79966218,154098,Tournament Meta Decks (Genesys),"[""44994712"",""44994712"",""44994712"",""35272499"",""35272499"",""35272499"",""18595008"",""18595008"",""61677004"",""53819028"",""99913726"",""52792430"",""44932065"",""44932065"",""89181134"",""79966218"",""79966218"",""79966218"",""42141493"",""42141493"",""42141493"",""8148322"",""89176044"",""89176044"",""89176044"",""14463695"",""14463695"",""88069597"",""24094653"",""44886582"",""17236839"",""74335036"",""74335036"",""35167375"",""48130397"",""48130397"",""48130397"",""8267140"",""8267140"",""8267140"",""44536921"",""44536921"",""44536921""]","[""39915560"",""79864860"",""69946549"",""69946549"",""66309175"",""25586143"",""41209827"",""41763141"",""11765832"",""54757758"",""73580471"",""6560411"",""50954680"",""82044280"",""66787942""]","[""35405755"",""35405755"",""35405755"",""59438930"",""59438930"",""59438930"",""43225434"",""43225434"",""43225434"",""43898403"",""43898403"",""43898403"",""74003290"",""74003290"",""74003290""]",1788016650,3 days ago,,,0,Predaplant  / Merida Genesys Regional Top 8,<p>Category: Tournament Meta Decks (Genesys)</p><p>Tournament Meta Decks are current-level Meta Decks that are capable of going up against the best of the best. These are curated lists that cannot be uploaded by regular users.</p><p>Creator: Sebastian T.</p><p>Tournament: Merida Genesys Regional &ndash; August 29th 2026</p><p>Placement: Top 8</p>
730182,gabagodo-730182,GABAGODO,62880279,321140,Non-Meta Decks,"[""62880279"",""62880279"",""62880279"",""23720856"",""8512558"",""12908094"",""12908094"",""12908094"",""35886170"",""35886170"",""35886170"",""55088578"",""55088578"",""4647954"",""42141493"",""42141493"",""42141493"",""69852487"",""59724555"",""9491461"",""9491461"",""62006866"",""14558127"",""14558127"",""14558127"",""11705261"",""85119159"",""85119159"",""85119159"",""6595475"",""6595475"",""6595475"",""32807846"",""24224830"",""96004535"",""10045474"",""10045474"",""10045474"",""94145021"",""67517351""]","[""90448279"",""95134948"",""63767246"",""8165596"",""86532744"",""84013237"",""31123642"",""86331741"",""63746411"",""85692042"",""88917691"",""66011101"",""26973555"",""65305468"",""41522092""]","[""76504386""]",1788261450,4 hours ago,,,0,GAGAGA shenenigans,<p>GAGAGA&nbsp;</p>
730183,legendaryocean-730183,LegendaryOcean,44968687,324324,Non-Meta Decks,"[""44968687"",""19801646"",""96546575"",""46290741"",""50532786"",""40160226"",""32393580"",""90098000"",""23931679"",""18318842"",""88409165"",""74311226"",""74311226"",""20470500"",""20470500"",""8078366"",""8078366"",""706925"",""706925"",""37104630"",""19959742"",""69436288"",""61845881"",""64342551"",""33184167"",""295517"",""295517"",""73628505"",""29047353"",""65446452"",""61258740"",""22819092"",""51562916"",""17151328"",""17151328"",""22123627"",""19089195"",""7935043"",""7092142"",""80534031""]",,"[""3643300"",""95824983"",""65496056"",""82999629"",""82685480"",""65785782"",""98804359"",""53582587"",""18605135"",""97697447""]",1788261450,4 hours ago,,,0,Davy Jones Locker,<p>Davy Jones Locker</p>
730186,invoked-730186,Invoked,96228804,154098,Tournament Meta Decks,"[""86120751"",""86120751"",""86120751"",""57294268"",""57294268"",""57294268"",""84288367"",""84288367"",""84288367"",""10673071"",""875572"",""96228804"",""96228804"",""91800273"",""42141493"",""42141493"",""42141493"",""84192580"",""84192580"",""14558128"",""14558128"",""14558128"",""94145021"",""94145021"",""97268402"",""97268402"",""74063034"",""74063034"",""37432075"",""37432075"",""37432075"",""63926180"",""63926180"",""63926180"",""47679935"",""47679935"",""47679935"",""34041788"",""65681983"",""24224830""]","[""33166263"",""33166263"",""43989315"",""70383419"",""6772168"",""11270236"",""97300502"",""75286621"",""13529466"",""49513164"",""66532962"",""29301450"",""34755994"",""20714553"",""97973962""]","[""73642296"",""73642296"",""24508238"",""24508238"",""27204311"",""27204311"",""18144507"",""98476659"",""98476659"",""15693423"",""15693423"",""84749824"",""78114463"",""78114463"",""41420027""]",1788016650,3 days ago,,,0,Invoked  / Merida WCQ Regional 2nd Place,<p>Category: Tournament Meta Decks (TCG)</p><p>Tournament Meta Decks are current-level Meta Decks that are capable of going up against the best of the best. These are curated lists that cannot be uploaded by regular users.</p><p>Creator: Alastair L&oacute;pez Gonz&aacute;lez</p><p>Tournament: Merida WCQ Regional &ndash; August 29th 2026</p><p>Placement: 2nd Place</p>
730191,kewl-tune-730191,Kewl Tune,15665977,154098,Tournament Meta Decks,"[""16387555"",""16387555"",""16387555"",""17209452"",""17209452"",""17209452"",""89392810"",""89392810"",""89392810"",""43904702"",""16509007"",""16509007"",""70088809"",""70088809"",""42141493"",""42141493"",""42141493"",""14558128"",""14558128"",""14558128"",""73642296"",""73642296"",""73642296"",""59438930"",""97268402"",""97268402"",""97268402"",""33854624"",""14442329"",""78058681"",""78058681"",""78058681"",""99243014"",""97474300"",""30271097"",""30271097"",""30271097"",""10045474"",""10045474"",""10045474""]","[""65961304"",""39576656"",""15665977"",""15665977"",""88170262"",""42781164"",""42781164"",""41069676"",""4891376"",""98506199"",""93125329"",""821049"",""78397661"",""87746184"",""93039339""]","[""46502744"",""46502744"",""84192580"",""84192580"",""84192580"",""94145021"",""94145021"",""24224830"",""18144507"",""15693423"",""15693423"",""58921041"",""41420027"",""18158393"",""40847034""]",1788103050,2 days ago,,,0,Kewl Tune  / Chiclayo WCQ Regional Top 8,<p>Category: Tournament Meta Decks (TCG)</p><p>Tournament Meta Decks are current-level Meta Decks that are capable of going up against the best of the best. These are curated lists that cannot be uploaded by regular users.</p><p>Creator: Anthony Alexander Ramirez Medina</p><p>Tournament: Chiclayo WCQ Regional &ndash; August 30th 2026</p><p>Placement: Top 8</p>
730192,blackwolf-cybernétique-v3-730192,Blackwolf Cybernétique V3,10443957,323459,Non-Meta Decks,"[56364287,56364287,1142880,23434538,23893227,23893227,23893227,59438930,14558127,14558127,45078193,82562802,5370235,70095154,70095154,70095154,19715246,56100345,36956512,12580477,24094653,63995093,63995093,37630732,3659803,60600126,60600126,60600126,33041277,63031396,64753988,64753988,84797028,84797028,84797028,55704856,39973386,39973386,10045474,82428674]","[84058253,84058253,74157028,79229522,64599569,1546123,87116928,82315403,58069384,58069384,10443957,10443957,90448279,41999284,46724542]",,1788265050,3 hours ago,,,0,Blackwolf Cybernétique V3Yu-Gi-Oh! Deck Uploaded by alinkpress,"A deck automatically uploaded from the Master Duel Companion App to YGOPRODeck.com. Our companion app offers a Yu-Gi-Oh! Master Duel deck tracker to assist players in tracking their deck and stats. <a rel=""nofollow"" href=""https://ygoprodeck.com/master-duel/companion-app"" target=""_blank"">Try it here</a>!"
730193,azamina-light-and-darkness-ritual-730193,Azamina Light and Darkness Ritual,24081957,154098,Tournament Meta Decks,"[""70405001"",""44001993"",""98684220"",""98684220"",""98684220"",""97462632"",""97462632"",""97462632"",""24088928"",""24088928"",""97631303"",""72270339"",""72270339"",""72270339"",""42141493"",""42141493"",""42141493"",""14558128"",""14558128"",""14558128"",""94145021"",""94145021"",""33599853"",""94845588"",""66328392"",""80845034"",""80845034"",""80845034"",""24461358"",""24461358"",""24461358"",""30271097"",""30271097"",""98829635"",""98829635"",""24224830"",""40366667"",""40366667"",""6325660"",""6325660"",""24749710"",""24749710""]","[""78397661"",""87746184"",""73391962"",""46396218"",""59400890"",""94259633"",""5043010"",""58036229"",""45819647"",""7594154"",""4731783"",""27519978"",""8264361"",""29301450"",""50277355""]","[""50073633"",""59509952"",""84192580"",""84192580"",""84192580"",""27204311"",""27204311"",""27204311"",""33854624"",""6637331"",""18144507"",""24081957"",""25311006"",""40366667"",""6325660""]",1788016650,3 days ago,,,0,Azamina Light and Darkness Ritual  / Seattle WCQ Regional Top 8,<p>Category: Tournament Meta Decks (TCG)</p><p>Tournament Meta Decks are current-level Meta Decks that are capable of going up against the best of the best. These are curated lists that cannot be uploaded by regular users.</p><p>Creator: Matthew Bauer</p><p>Tournament: Seattle WCQ Regional &ndash; August 29th 2026</p><p>Placement: Top 8</p>
730194,azamina-light-and-darkness-ritual-730194,Azamina Light and Darkness Ritual,24081957,154098,Tournament Meta Decks,"[""70405001"",""44001993"",""98684220"",""98684220"",""98684220"",""97462632"",""97462632"",""97462632"",""24088928"",""24088928"",""97631303"",""72270339"",""72270339"",""72270339"",""42141493"",""42141493"",""42141493"",""14558128"",""14558128"",""14558128"",""94145021"",""94145021"",""33599853"",""94845588"",""66328392"",""80845034"",""80845034"",""80845034"",""24461358"",""24461358"",""24461358"",""30271097"",""30271097"",""98829635"",""98829635"",""24224830"",""40366667"",""40366667"",""6325660"",""6325660"",""24749710"",""24749710""]","[""78397661"",""87746184"",""73391962"",""46396218"",""59400890"",""94259633"",""5043010"",""58036229"",""45819647"",""7594154"",""4731783"",""27519978"",""8264361"",""29301450"",""50277355""]","[""50073633"",""59509952"",""84192580"",""84192580"",""84192580"",""27204311"",""27204311"",""27204311"",""33854624"",""6637331"",""18144507"",""24081957"",""25311006"",""40366667"",""6325660""]",1788103050,2 days ago,,,0,Azamina Light and Darkness Ritual  / The Side Deck Remote Duel WCQ Regional Top 4,<p>Category: Tournament Meta Decks (TCG)</p><p>Tournament Meta Decks are current-level Meta Decks that are capable of going up against the best of the best. These are curated lists that cannot be uploaded by regular users.</p><p>Creator: Matthew Bauer</p><p>Tournament: The Side Deck Remote Duel WCQ Regional &ndash; August 30th 2026</p><p>Placement: Top 4</p>
730199,majesty-dragons-730199,Majesty Dragons,24269961,283707,Non-Meta Decks,"[""89631139"",""89631139"",""89631139"",""17947697"",""17947697"",""88241506"",""67768675"",""45644898"",""97268402"",""8240199"",""8240199"",""8240199"",""14558127"",""14558127"",""42141493"",""42141493"",""54332792"",""54332792"",""66961194"",""66961194"",""38517737"",""30576089"",""64202399"",""22804410"",""67886895"",""55410871"",""80326401"",""80326401"",""17725109"",""71143015"",""71143015"",""24382602"",""93437091"",""48800175"",""21082832"",""38120068"",""62089826"",""62089826"",""43219114"",""10045474""]","[""11443677"",""2129638"",""43228023"",""23995346"",""89604813"",""59822133"",""40908371"",""33698022"",""16699558"",""42097666"",""42097666"",""29301450"",""65741786"",""93084621"",""29479265""]","[""43228023"",""56532353"",""22850702"",""10669138"",""13203964"",""98630720"",""30064423"",""4280258"",""85289965"",""5821478"",""24269961"",""67680512"",""70369116"",""24361622"",""50277355""]",1788268650,2 hours ago,1788268650,2 hours ago,0,My Majesty .My Dragons .My one,<p>The Majesty in Blue-Eyes Deck</p>
730201,dark-dark-blade-730201,dark dark blade,11091375,324001,Non-Meta Decks,"[""11091375"",""11091375"",""11321183"",""11321183"",""11321183"",""47415292"",""84814897"",""12143771"",""12143771"",""65396880"",""65396880"",""55144522"",""55144522"",""55144522"",""73752131"",""4042268"",""4042268"",""80741828"",""80741828"",""80741828"",""11761845"",""11761845"",""58551308"",""58551308"",""28933734"",""28933734"",""26202165"",""83011278"",""64047146"",""70231910"",""66788016"",""77414722"",""3819470"",""59344077"",""35346968"",""29401950"",""3027001"",""37580756"",""44095762"",""4178474""]",,"[""21598948"",""37576645"",""53129443"",""37576645"",""98299011"",""4614116"",""20727787"",""20727787"",""59344077"",""20727787"",""35346968"",""2926176"",""35346968"",""38275183"",""44095762""]",1788272250,1 hour ago,,,0,dark monsters,<p>buff dark monsters</p>
730202,branded-azamina-whiteforest-730202,Branded Azamina whiteforest,68468459,315718,Non-Meta Decks,"[""68468459"",""73819701"",""73819701"",""55273560"",""95515789"",""95515789"",""62962630"",""36637374"",""29948294"",""29948294"",""44362883"",""82738008"",""18973184"",""34090915"",""17751597"",""60764609"",""60764609"",""28803166"",""97651498"",""98567237"",""35552985"",""99989863"",""38648860"",""38648860"",""38648860"",""61980241"",""61980241"",""25592142"",""72270339"",""53765052"",""20934683"",""94845588"",""3496543"",""42201897"",""77699839"",""14558127"",""14558127"",""14558127"",""10045474"",""10045474"",""10045474""]","[""78397661"",""44146295"",""87746184"",""41373230"",""1906812"",""51409648"",""18666161"",""46640168"",""85065943"",""46396218"",""73391962"",""29301450"",""2463794"",""49867899"",""32991300""]","[""9674034"",""9674034"",""90241276"",""90241276"",""12058741"",""45663742"",""48452496"",""27260347"",""94145021"",""94145021"",""24224830"",""65681983"",""53639887"",""24081957"",""26700718""]",1788272250,1 hour ago,1788272250,1 hour ago,0,Theory,<p>Trying out combo decks</p>
730206,wouldnt-know-yuble-730206,wouldnt know yuble,4779091,297416,Non-Meta Decks,"[""4779091"",""90829280"",""90829280"",""78371393"",""24215921"",""62318994"",""62318994"",""62318994"",""93729896"",""93729896"",""93729896"",""65261141"",""1966438"",""41165831"",""88554436"",""31531914"",""31531914"",""31531914"",""95136979"",""26236560"",""27412542"",""27412542"",""98567237"",""60764609"",""60764609"",""60764609"",""28803166"",""97651498"",""42141493"",""42141493"",""42141493"",""14558127"",""14558127"",""14558127"",""73642296"",""73642296"",""73642296"",""98829635"",""98829635"",""98829635""]","[""80453041"",""47172959"",""47172959"",""28143384"",""46640168"",""2463794"",""49867899"",""71607202"",""24269961"",""67680512"",""93084621"",""94014327"",""46772449"",""79559912"",""70636044""]",,1788272250,1 hour ago,,,0,"yubell, fiendsmith, unchained",<p>just like konami intended</p>
730208,mitsurugi-730208,Mitsurugi,40543231,315718,Meta Decks,"[""40543231"",""40543231"",""40543231"",""18176525"",""18176525"",""18176525"",""82782870"",""77699839"",""77699839"",""19899073"",""19899073"",""19899073"",""13332685"",""55397172"",""45171524"",""45171524"",""45171524"",""81560239"",""81560239"",""49721684"",""76725398"",""12210097"",""17954937"",""14558127"",""14558127"",""14558127"",""97268402"",""97268402"",""97268402"",""73642296"",""73642296"",""59438930"",""10045474"",""10045474"",""10045474"",""98829635"",""98829635"",""30271097"",""30271097"",""34090915"",""30271097""]","[""78397661"",""87746184"",""1906812"",""29301450"",""29301450"",""65741786"",""73898890"",""8264361"",""74997493"",""90448279"",""93039339"",""90590303"",""46772449"",""61399402"",""66011101""]",,1788272250,1 hour ago,,,0,fullpower,<p>Full power Miturugi</p>
730209,flameswordsmen-730209,FlameSwordsmen,27704731,324324,Non-Meta Decks,"[""27704731"",""73936388"",""94979322"",""1047075"",""1047075"",""50903514"",""50903514"",""10375182"",""10375182"",""96872283"",""96872283"",""34160055"",""34160055"",""99348756"",""36569343"",""67934141"",""37531679"",""97396380"",""47961808"",""60806437"",""19384334"",""73714736"",""35697544"",""35697544"",""83533296"",""42516299"",""42516299"",""61070601"",""9102835"",""9102835"",""47529357"",""43898403"",""14532163"",""98494543"",""8080257"",""62091148"",""42945701"",""89812483"",""53334471"",""15693423""]","[""324483"",""36319131"",""45231177"",""45231177""]","[""37531679"",""13522325"",""54485355"",""74823665"",""7452945"",""32268901"",""61127349"",""74055055"",""33872334"",""27979109"",""80758812"",""11501629"",""82705573"",""8080257"",""31044787""]",1788272250,1 hour ago,,,0,Hot stuff,<p>Burn Baby Burn</p>
730210,saying-no-to-combos-730210,saying no to combos,67284107,315718,Fun/Casual Decks,"[""67284107"",""67284107"",""67284107"",""18789533"",""13821299"",""84636823"",""84636823"",""84636823"",""14558127"",""14558127"",""14558127"",""97268402"",""97268402"",""97268402"",""59438930"",""59438930"",""59438930"",""73642296"",""73642296"",""73642296"",""84192580"",""84192580"",""84192580"",""42141493"",""42141493"",""42141493"",""24224830"",""30271097"",""30271097"",""30271097"",""73915051"",""10045474"",""10045474"",""10045474"",""6325660"",""6325660"",""6325660"",""97045737"",""97045737"",""97045737"",""40366667"",""40366667"",""40366667"",""80101899"",""80101899"",""69599136"",""69599136"",""29401950"",""29401950"",""75294187"",""75294187"",""4206964"",""1005587"",""22377092"",""22377092"",""82732705"",""42364257""]","[""87746184"",""87746184"",""78397661"",""78397661"",""78397661""]","[""41420027"",""78114463"",""92512625"",""40605147"",""84749824"",""12580477"",""12580477"",""12580477"",""4178474"",""4178474"",""4178474""]",1788272430,57 minutes ago,,,0,no combos,<p>combos are a big no no</p>
730212,branded-post-cori-2026-730212,Branded Post CORI 2026,78397661,259360,Meta Decks,"[""62962630"",""62962630"",""62962630"",""55273560"",""55273560"",""45883110"",""44362883"",""29948294"",""29948294"",""29948294"",""73819701"",""73819701"",""68468459"",""95515789"",""95515789"",""82489470"",""36637374"",""30271097"",""30271097"",""30271097"",""42141493"",""42141493"",""42141493"",""19304410"",""19096726"",""25451383"",""1984618"",""24299458"",""24299458"",""24299458"",""94145021"",""94145021"",""33854624"",""60303688"",""17751597"",""75500286"",""1984618"",""48130397"",""48130397"",""48130397""]","[""87746184"",""87746184"",""41373230"",""51409648"",""24915933"",""70534340"",""44146295"",""76666602"",""76666602"",""69946549"",""11765832"",""80843006"",""72578374"",""78397661"",""74405783""]","[""84192580"",""84192580"",""84192580"",""59509952"",""25311006"",""24224830"",""18144507"",""14532163"",""14532163"",""4227096"",""4227096"",""4227096"",""78114463"",""78114463"",""41420027""]",1788273330,42 minutes ago,,,0,https://www.youtube.com/watch?v=UJ6LThabY8c,<p><a>🔥 Branded Post CORI | 3 Combos You Should Know ⚔️</a></p>
730214,el-shaddoll-legacy-730214,El Shaddoll Legacy,20366274,251019,Non-Meta Decks,"[""92079625"",""84288367"",""84288367"",""95072744"",""77723643"",""77723643"",""57294268"",""57294268"",""86120751"",""86120751"",""86120751"",""51023024"",""51023024"",""10673071"",""10673071"",""10673071"",""4939890"",""4939890"",""4939890"",""24635329"",""24635329"",""47679935"",""47679935"",""81439173"",""74063034"",""74063034"",""74063034"",""76334960"",""63926180"",""6417578"",""24299458"",""24299458"",""37432075"",""48130397"",""21011044"",""21011044"",""78474168"",""78474168"",""86319972"",""86319972""]","[""33166263"",""11270236"",""32467459"",""74822425"",""6772168"",""75286621"",""80635735"",""20366274"",""38423248"",""70383419"",""48424886"",""43989315"",""94977269"",""97973962"",""86938484""]","[""48791583"",""97300502"",""12307878"",""8852158"",""44394295"",""4904633""]",1788273990,31 minutes ago,,,0,Shaddoll,"<p>Not sure what to put here. Just felt like making an Invoked Deck for their new support and went and splashed it with Shaddolls. This is not a final build. But more of a skeleton to build on. The extra deck is easily the weakest part. As I focused enitrely on Fusions. Feedback would be appreciated, as I would like some help to improve this. Thank you.&nbsp;</p>"
730216,nr-rank3-turbo-730216,NR Rank3 Turbo,65192027,234677,Non-Meta Decks,"[96005454,83443619,83443619,83443619,29838323,29838323,57030525,57030525,57030525,98007437,37426272,37426272,37426272,64911387,64911387,64911387,21546416,21546416,21546416,81978611,7917970,34611551,34611551,34611551,38761908,38761908,38761908,64765016,64765016,64765016,74003290,74003290,47393199,47393199,47393199,39733924,39733924,53829527,53829527,83626916]","[12219047,54191698,26563200,88942504,16259549,85252081,90664857,94151981,94151981,50449881,67515699,11969228,9763474,9763474,49725936]",,1788274650,20 minutes ago,,,0,NR Rank3 TurboYu-Gi-Oh! Deck Uploaded by NR YGO,"A deck automatically uploaded from the Master Duel Companion App to YGOPRODeck.com. Our companion app offers a Yu-Gi-Oh! Master Duel deck tracker to assist players in tracking their deck and stats. <a rel=""nofollow"" href=""https://ygoprodeck.com/master-duel/companion-app"" target=""_blank"">Try it here</a>!"
